date,protocol,tvl_usd
2025-06-01,Bybit,528475260
2025-06-01,Ondo USDY,26368472
2025-06-02,Bybit,528845238
2025-06-02,Ondo USDY,26343840
2025-06-03,Bybit,537055639
2025-06-03,Ondo USDY,26388523
2025-06-04,Bybit,542189085
2025-06-04,Ondo USDY,26340464
2025-06-05,Bybit,536432994
2025-06-05,Ondo USDY,26388961
2025-06-06,Bybit,514805120
2025-06-06,Ondo USDY,26412908
2025-06-07,Bybit,502973620
2025-06-07,Ondo USDY,26388779
2025-06-08,Bybit,508215869
2025-06-08,Ondo USDY,26474252
2025-06-09,Bybit,507426592
2025-06-09,Ondo USDY,26522651
2025-06-10,Bybit,535463846
2025-06-10,Ondo USDY,26861423
2025-06-11,Bybit,554481267
2025-06-11,Ondo USDY,26498525
2025-06-12,Bybit,550498256
2025-06-12,Ondo USDY,26450169
2025-06-13,Bybit,536234220
2025-06-13,Ondo USDY,26513735
2025-06-14,Bybit,527521890
2025-06-14,Ondo USDY,26509854
2025-06-15,Bybit,521108489
2025-06-15,Ondo USDY,26461403
2025-06-16,Bybit,520114632
2025-06-16,Ondo USDY,26534008
2025-06-17,Bybit,529346821
2025-06-17,Ondo USDY,26557158
2025-06-18,Bybit,521229542
2025-06-18,Ondo USDY,26545471
2025-06-19,Bybit,521946202
2025-06-19,Ondo USDY,26609245
2025-06-20,Bybit,519500501
2025-06-20,Ondo USDY,26650945
2025-06-21,Bybit,504435558
2025-06-21,Ondo USDY,26493136
2025-06-22,Bybit,490413433
2025-06-22,Ondo USDY,26728010
2025-06-23,Bybit,482957959
2025-06-23,Ondo USDY,26703254
2025-06-24,Bybit,504835609
2025-06-24,Ondo USDY,26483298
2025-06-25,Bybit,509519488
2025-06-25,Ondo USDY,26772846
2025-06-26,Bybit,509637486
2025-06-26,Ondo USDY,26904788
2025-06-27,Bybit,518747079
2025-06-27,Ondo USDY,26659104
2025-06-28,Bybit,500761530
2025-06-28,Ondo USDY,26806374
2025-06-29,Bybit,502000367
2025-06-29,Ondo USDY,26757368
2025-06-30,Bybit,507872778
2025-06-30,Ondo USDY,26585846
2025-07-01,Bybit,504954735
2025-07-01,Ondo USDY,26732879
2025-07-02,Bybit,488808836
2025-07-02,Ondo USDY,26757383
2025-07-03,Bybit,501925984
2025-07-03,Ondo USDY,26708376
2025-07-04,Bybit,513227203
2025-07-04,Ondo USDY,26830639
2025-07-05,Bybit,500999079
2025-07-05,Ondo USDY,26953164
2025-07-06,Bybit,501878011
2025-07-06,Ondo USDY,26732651
2025-07-07,Bybit,509663279
2025-07-07,Ondo USDY,26757406
2025-07-08,Bybit,512254137
2025-07-08,Ondo USDY,26708124
2025-07-09,Bybit,524854008
2025-07-09,Ondo USDY,26756105
2025-07-10,Bybit,548899127
2025-07-10,Ondo USDY,26756073
2025-07-11,Bybit,579846456
2025-07-11,Ondo USDY,26633563
2025-07-12,Bybit,580583888
2025-07-12,Ondo USDY,26755972
2025-07-13,Bybit,603491840
2025-07-13,Ondo USDY,26879729
2025-07-14,Bybit,608909803
2025-07-14,Ondo USDY,26904322
2025-07-15,Bybit,618067333
2025-07-15,Ondo USDY,26802575
2025-07-16,Bybit,628849089
2025-07-16,Ondo USDY,26965764
2025-07-17,Bybit,659526913
2025-07-17,Ondo USDY,26916377
2025-07-18,Bybit,681200920
2025-07-18,Ondo USDY,26965880
2025-07-19,Bybit,694830964
2025-07-19,Ondo USDY,27017193
2025-07-20,Bybit,700613008
2025-07-20,Ondo USDY,27431159
2025-07-21,Bybit,724648327
2025-07-21,Ondo USDY,27240994
2025-07-22,Bybit,721306718
2025-07-22,Ondo USDY,27266056
2025-07-23,Bybit,721981203
2025-07-23,Ondo USDY,27186309
2025-07-24,Bybit,707567117
2025-07-24,Ondo USDY,27422813
2025-07-25,Bybit,680738419
2025-07-25,Ondo USDY,27745369
2025-07-26,Bybit,703351032
2025-07-26,Ondo USDY,27744822
2025-07-27,Bybit,707748392
2025-07-27,Ondo USDY,27718915
2025-07-28,Bybit,743783044
2025-07-28,Ondo USDY,27592104
2025-07-29,Bybit,726201411
2025-07-29,Ondo USDY,27616375
2025-07-30,Bybit,716976723
2025-07-30,Ondo USDY,27565657
2025-07-31,Bybit,755183090
2025-07-31,Ondo USDY,27667094
2025-08-01,Bybit,753649809
2025-08-01,Ondo USDY,27489578
2025-08-02,Bybit,725427039
2025-08-02,Ondo USDY,28148416
2025-08-03,Bybit,716400519
2025-08-03,Ondo USDY,27260853
2025-08-04,Bybit,732735014
2025-08-04,Ondo USDY,27691955
2025-08-05,Bybit,888356987
2025-08-05,Ondo USDY,27413007
2025-08-06,Bybit,867722999
2025-08-06,Ondo USDY,27894827
2025-08-07,Bybit,874754218
2025-08-07,Ondo USDY,27362289
2025-08-08,Bybit,876753649
2025-08-08,Ondo USDY,27414221
2025-08-09,Bybit,944831106
2025-08-09,Ondo USDY,27541723
2025-08-10,Bybit,947387147
2025-08-10,Ondo USDY,27313687
2025-08-11,Bybit,933767840
2025-08-11,Ondo USDY,27339124
2025-08-12,Bybit,961182370
2025-08-12,Ondo USDY,27465811
2025-08-13,Bybit,1011743540
2025-08-13,Ondo USDY,27465811
2025-08-14,Bybit,1096929519
2025-08-14,Ondo USDY,27288449
2025-08-15,Bybit,990339377
2025-08-15,Ondo USDY,28141214
2025-08-16,Bybit,966864283
2025-08-16,Ondo USDY,27527232
2025-08-17,Bybit,974525744
2025-08-17,Ondo USDY,27271305
2025-08-18,Bybit,983863032
2025-08-18,Ondo USDY,27651288
2025-08-19,Bybit,914527964
2025-08-19,Ondo USDY,28252675
2025-08-20,Bybit,926235250
2025-08-20,Ondo USDY,27968599
2025-08-21,Bybit,953493009
2025-08-21,Ondo USDY,27912306
2025-08-22,Bybit,914927570
2025-08-22,Ondo USDY,27783202
2025-08-23,Bybit,1004633935
2025-08-23,Ondo USDY,27860762
2025-08-24,Bybit,1002674340
2025-08-24,Ondo USDY,27809121
2025-08-25,Bybit,978474488
2025-08-25,Ondo USDY,27680016
2025-08-26,Bybit,939396402
2025-08-26,Ondo USDY,27964538
2025-08-27,Bybit,981304353
2025-08-27,Ondo USDY,27861252
2025-08-28,Bybit,938544865
2025-08-28,Ondo USDY,27980286
2025-08-29,Bybit,966170358
2025-08-29,Ondo USDY,27851300
2025-08-30,Bybit,944285896
2025-08-30,Ondo USDY,27722204
2025-08-31,Bybit,947915128
2025-08-31,Ondo USDY,27825552
2025-09-01,Bybit,939131546
2025-09-01,Ondo USDY,27877224
2025-09-02,Bybit,932155246
2025-09-02,Ondo USDY,27551912
2025-09-03,Bybit,918714197
2025-09-03,Ondo USDY,27746165
2025-09-04,Bybit,920015426
2025-09-04,Ondo USDY,28150156
2025-09-05,Bybit,912108922
2025-09-05,Ondo USDY,27891898
2025-09-06,Bybit,927029822
2025-09-06,Ondo USDY,28183321
2025-09-07,Bybit,853963151
2025-09-07,Ondo USDY,28164788
2025-09-08,Bybit,859155665
2025-09-08,Ondo USDY,28086913
2025-09-09,Bybit,864530604
2025-09-09,Ondo USDY,27996786
2025-09-10,Bybit,939192323
2025-09-10,Ondo USDY,28098100
2025-09-11,Bybit,992955771
2025-09-11,Ondo USDY,28409725
2025-09-12,Bybit,1030729923
2025-09-12,Ondo USDY,28565526
2025-09-13,Bybit,1051924876
2025-09-13,Ondo USDY,28253902
2025-09-14,Bybit,1043149148
2025-09-14,Ondo USDY,28175996
2025-09-15,Bybit,1060857651
2025-09-15,Ondo USDY,27994215
2025-09-16,Bybit,1066558648
2025-09-16,Ondo USDY,28150027
2025-09-17,Bybit,1077353061
2025-09-17,Ondo USDY,28020184
2025-09-18,Bybit,1076626478
2025-09-18,Ondo USDY,28049186
2025-09-19,Bybit,1075674643
2025-09-19,Ondo USDY,28490701
2025-09-20,Bybit,1058714736
2025-09-20,Ondo USDY,28127101
2025-09-21,Bybit,1062972382
2025-09-21,Ondo USDY,28100815
2025-09-22,Bybit,1069657087
2025-09-22,Ondo USDY,28123427
2025-09-23,Bybit,1076397665
2025-09-23,Ondo USDY,27915683
2025-09-24,Bybit,1055320060
2025-09-24,Ondo USDY,27967423
2025-09-25,Bybit,1057970350
2025-09-25,Ondo USDY,28045327
2025-09-26,Bybit,1048621106
2025-09-26,Ondo USDY,28123231
2025-09-27,Bybit,1091478838
2025-09-27,Ondo USDY,27811589
2025-09-28,Bybit,1082537015
2025-09-28,Ondo USDY,27681749
2025-09-29,Bybit,1105683349
2025-09-29,Ondo USDY,27560910
2025-09-30,Bybit,1107608406
2025-09-30,Ondo USDY,27872602
2025-10-01,Bybit,1080724961
2025-10-01,Ondo USDY,27872323
2025-10-02,Bybit,1142584652
2025-10-02,Ondo USDY,28287899
2025-10-03,Bybit,1151343340
2025-10-03,Ondo USDY,28379995
2025-10-04,Bybit,1146703223
2025-10-04,Ondo USDY,28283657
2025-10-05,Bybit,1178555551
2025-10-05,Ondo USDY,27969529
2025-10-06,Bybit,1195284434
2025-10-06,Ondo USDY,28014401
2025-10-07,Bybit,1257866302
2025-10-07,Ondo USDY,28138293
2025-10-08,Bybit,1210133211
2025-10-08,Ondo USDY,28164863
2025-10-09,Bybit,1288981997
2025-10-09,Ondo USDY,27730184
2025-10-10,Bybit,1211498516
2025-10-10,Ondo USDY,27910606
2025-10-11,Bybit,1093904035
2025-10-11,Ondo USDY,28406121
2025-10-12,Bybit,1043695530
2025-10-12,Ondo USDY,28089567
2025-10-13,Bybit,1182822348
2025-10-13,Ondo USDY,27946779
2025-10-14,Bybit,1183070321
2025-10-14,Ondo USDY,27836015
2025-10-15,Bybit,1155555581
2025-10-15,Ondo USDY,28092580
2025-10-16,Bybit,1116073030
2025-10-16,Ondo USDY,28119439
2025-10-17,Bybit,1121333816
2025-10-17,Ondo USDY,28399533
2025-10-18,Bybit,1097859311
2025-10-18,Ondo USDY,28430593
2025-10-19,Bybit,1115030862
2025-10-19,Ondo USDY,28322630
2025-10-20,Bybit,1156768854
2025-10-20,Ondo USDY,28315264
2025-10-21,Bybit,1159723962
2025-10-21,Ondo USDY,28605835
2025-10-22,Bybit,1118921992
2025-10-22,Ondo USDY,28212795
2025-10-23,Bybit,1108297054
2025-10-23,Ondo USDY,28628664
2025-10-24,Bybit,1127753903
2025-10-24,MI4 (Mantle Index Four),205083551
2025-10-24,Ondo USDY,28536471
2025-10-25,Bybit,1124676565
2025-10-25,MI4 (Mantle Index Four),207879070
2025-10-25,Ondo USDY,28303322
2025-10-26,Bybit,1132404540
2025-10-26,MI4 (Mantle Index Four),207879070
2025-10-26,Ondo USDY,28280793
2025-10-27,Bybit,1176965501
2025-10-27,MI4 (Mantle Index Four),207879070
2025-10-27,Ondo USDY,28348154
2025-10-28,Bybit,1150655515
2025-10-28,MI4 (Mantle Index Four),216959293
2025-10-28,Ondo USDY,28279841
2025-10-29,Bybit,1128032517
2025-10-29,MI4 (Mantle Index Four),214389694
2025-10-29,Ondo USDY,28392079
2025-10-30,Bybit,1110971621
2025-10-30,MI4 (Mantle Index Four),211756056
2025-10-30,Ondo USDY,28361054
2025-10-31,Bybit,1080126141
2025-10-31,MI4 (Mantle Index Four),208525855
2025-10-31,Ondo USDY,28224722
2025-11-01,Bybit,1084831161
2025-11-01,MI4 (Mantle Index Four),208525855
2025-11-01,Ondo USDY,28549197
2025-11-02,Bybit,1081905615
2025-11-02,MI4 (Mantle Index Four),208525855
2025-11-02,Ondo USDY,28596090
2025-11-03,Bybit,1089919153
2025-11-03,MI4 (Mantle Index Four),208525855
2025-11-03,Ondo USDY,28593337
2025-11-04,Bybit,1022591392
2025-11-04,MI4 (Mantle Index Four),204069487
2025-11-04,Ondo USDY,28601361
2025-11-05,Bybit,990628056
2025-11-05,MI4 (Mantle Index Four),204069487
2025-11-05,Ondo USDY,28574465
2025-11-06,Bybit,1001288433
2025-11-06,MI4 (Mantle Index Four),204069487
2025-11-06,Ondo USDY,28528551
2025-11-07,Bybit,982303584
2025-11-07,MI4 (Mantle Index Four),188241880
2025-11-07,Ondo USDY,28573036
2025-11-08,Bybit,1010202220
2025-11-08,MI4 (Mantle Index Four),186801318
2025-11-08,Ondo USDY,28335779
2025-11-09,Bybit,1012047695
2025-11-09,MI4 (Mantle Index Four),186801318
2025-11-09,Ondo USDY,28051282
2025-11-10,Bybit,1051844666
2025-11-10,MI4 (Mantle Index Four),186801318
2025-11-10,Ondo USDY,28352397
2025-11-11,Bybit,1041082653
2025-11-11,MI4 (Mantle Index Four),196001990
2025-11-11,Ondo USDY,28397989
2025-11-12,Bybit,1005362800
2025-11-12,MI4 (Mantle Index Four),193086120
2025-11-12,Ondo USDY,28622995
2025-11-13,Bybit,1013409412
2025-11-13,MI4 (Mantle Index Four),188947698
2025-11-13,Ondo USDY,28519646
2025-11-14,Bybit,978410396
2025-11-14,MI4 (Mantle Index Four),191019584
2025-11-14,Ondo USDY,28482017
2025-11-15,Bybit,965739770
2025-11-15,MI4 (Mantle Index Four),178525644
2025-11-15,Ondo USDY,28405596
2025-11-16,Bybit,976435299
2025-11-16,MI4 (Mantle Index Four),178525644
2025-11-16,Ondo USDY,28337717
2025-11-17,Bybit,962442044
2025-11-17,MI4 (Mantle Index Four),178525644
2025-11-17,Ondo USDY,28517348
2025-11-18,Bybit,941568447
2025-11-18,MI4 (Mantle Index Four),176700281
2025-11-18,Ondo USDY,28527757
2025-11-19,Bybit,951339754
2025-11-19,MI4 (Mantle Index Four),168463544
2025-11-19,Ondo USDY,28691398
2025-11-20,Bybit,945008434
2025-11-20,MI4 (Mantle Index Four),168463544
2025-11-20,Ondo USDY,28604261
2025-11-21,Bybit,883525267
2025-11-21,MI4 (Mantle Index Four),171171915
2025-11-21,Ondo USDY,28614101
2025-11-22,Bybit,860799088
2025-11-22,MI4 (Mantle Index Four),156351374
2025-11-22,Ondo USDY,28557457
2025-11-23,Bybit,867366129
2025-11-23,MI4 (Mantle Index Four),156351374
2025-11-23,Ondo USDY,28548698
2025-11-24,Bybit,874296081
2025-11-24,MI4 (Mantle Index Four),156351374
2025-11-24,Ondo USDY,28228274
2025-11-25,Bybit,896036404
2025-11-25,MI4 (Mantle Index Four),160882838
2025-11-25,Ondo USDY,28755735
2025-11-26,Bybit,897459395
2025-11-26,MI4 (Mantle Index Four),163466506
2025-11-26,Ondo USDY,28589515
2025-11-27,Bybit,912557231
2025-11-27,MI4 (Mantle Index Four),165178227
2025-11-27,Ondo USDY,28544338
2025-11-28,Bybit,908722095
2025-11-28,MI4 (Mantle Index Four),165178227
2025-11-28,Ondo USDY,28493422
2025-11-29,Bybit,916482752
2025-11-29,MI4 (Mantle Index Four),168736642
2025-11-29,Ondo USDY,28534026
2025-11-30,Bybit,911066305
2025-11-30,MI4 (Mantle Index Four),168736642
2025-11-30,Ondo USDY,28417271
2025-12-01,Bybit,887771563
2025-12-01,MI4 (Mantle Index Four),168736642
2025-12-01,Ondo USDY,28538109
2025-12-02,Bybit,870324115
2025-12-02,MI4 (Mantle Index Four),160869873
2025-12-02,Ondo USDY,28636909
2025-12-03,Bybit,901670415
2025-12-03,MI4 (Mantle Index Four),160869873
2025-12-03,Ondo USDY,28640363
2025-12-04,Bybit,942042731
2025-12-04,MI4 (Mantle Index Four),172048587
2025-12-04,Ondo USDY,28523195
2025-12-05,Bybit,924144179
2025-12-05,MI4 (Mantle Index Four),175091342
2025-12-05,Ondo USDY,28321221
2025-12-06,Bybit,914610551
2025-12-06,MI4 (Mantle Index Four),173241271
2025-12-06,Ondo USDY,28259790
2025-12-07,Bybit,911187870
2025-12-07,MI4 (Mantle Index Four),173241271
2025-12-07,Ondo USDY,28437797
2025-12-08,Bybit,920081764
2025-12-08,MI4 (Mantle Index Four),173241271
2025-12-08,Ondo USDY,28226880
2025-12-09,Bybit,901588193
2025-12-09,MI4 (Mantle Index Four),173241271
2025-12-09,Ondo USDY,28576644
2025-12-10,Bybit,903837336
2025-12-10,MI4 (Mantle Index Four),173241271
2025-12-10,Ondo USDY,28464005
2025-12-11,Bybit,915573042
2025-12-11,MI4 (Mantle Index Four),176448988
2025-12-11,Ondo USDY,28456747
2025-12-12,Bybit,910932790
2025-12-12,MI4 (Mantle Index Four),171457027
2025-12-12,Ondo USDY,28328234
2025-12-13,Bybit,899358328
2025-12-13,MI4 (Mantle Index Four),174896959
2025-12-13,Ondo USDY,28268714
2025-12-14,Bybit,920914330
2025-12-14,MI4 (Mantle Index Four),174896959
2025-12-14,Ondo USDY,28335531
2025-12-15,Bybit,897556267
2025-12-15,MI4 (Mantle Index Four),174896959
2025-12-15,Ondo USDY,28525193
2025-12-16,Bybit,885427718
2025-12-16,MI4 (Mantle Index Four),169410287
2025-12-16,Ondo USDY,28254376
2025-12-17,Bybit,932985418
2025-12-17,MI4 (Mantle Index Four),162158077
2025-12-17,Ondo USDY,28517599
2025-12-18,Bybit,910584488
2025-12-18,MI4 (Mantle Index Four),162158077
2025-12-18,Ondo USDY,28673730
2025-12-19,Bybit,894830148
2025-12-19,MI4 (Mantle Index Four),161175718
2025-12-19,Ondo USDY,28544818
2025-12-20,Bybit,914348034
2025-12-20,MI4 (Mantle Index Four),164165937
2025-12-20,Ondo USDY,28577815
2025-12-21,Bybit,921878898
2025-12-21,MI4 (Mantle Index Four),164165937
2025-12-21,Ondo USDY,28535318
2025-12-22,Bybit,869472328
2025-12-22,MI4 (Mantle Index Four),164165937
2025-12-22,Ondo USDY,28368044
2025-12-23,Bybit,854067161
2025-12-23,MI4 (Mantle Index Four),167177711
2025-12-23,Ondo USDY,28439184
2025-12-24,Bybit,837314522
2025-12-24,MI4 (Mantle Index Four),164107929
2025-12-24,Ondo USDY,28717905
2025-12-25,Bybit,828325252
2025-12-25,MI4 (Mantle Index Four),162590310
2025-12-25,Ondo USDY,28233218
2025-12-26,Bybit,766173310
2025-12-26,MI4 (Mantle Index Four),162590310
2025-12-26,Ondo USDY,28590193
2025-12-27,Bybit,772415696
2025-12-27,MI4 (Mantle Index Four),164637409
2025-12-27,Ondo USDY,28556868
2025-12-28,Bybit,777352123
2025-12-28,MI4 (Mantle Index Four),164637409
2025-12-28,Ondo USDY,28325085
2025-12-29,Bybit,772331260
2025-12-29,MI4 (Mantle Index Four),164637409
2025-12-29,Ondo USDY,28298057
2025-12-30,Bybit,701856977
2025-12-30,MI4 (Mantle Index Four),167929793
2025-12-30,Ondo USDY,28613844
2025-12-31,Bybit,739826160
2025-12-31,MI4 (Mantle Index Four),163329825
2025-12-31,Ondo USDY,28581407
2026-01-01,Bybit,711235432
2026-01-01,CIAN Yield Layer,63744625
2026-01-01,MI4 (Mantle Index Four),165265672
2026-01-01,Ondo USDY,28574100
2026-01-02,Bybit,710098117
2026-01-02,CIAN Yield Layer,63677098
2026-01-02,MI4 (Mantle Index Four),165265672
2026-01-02,Ondo USDY,28617995
2026-01-03,Bybit,724725963
2026-01-03,CIAN Yield Layer,65330607
2026-01-03,MI4 (Mantle Index Four),165265672
2026-01-03,Ondo USDY,28621632
2026-01-04,Bybit,720533750
2026-01-04,CIAN Yield Layer,72308566
2026-01-04,MI4 (Mantle Index Four),165265672
2026-01-04,Ondo USDY,28731381
2026-01-05,Bybit,730712788
2026-01-05,CIAN Yield Layer,80334983
2026-01-05,MI4 (Mantle Index Four),165265672
2026-01-05,Ondo USDY,29138524
2026-01-06,Bybit,730077786
2026-01-06,CIAN Yield Layer,84237664
2026-01-06,MI4 (Mantle Index Four),165265672
2026-01-06,Ondo USDY,28877194
2026-01-07,Bybit,730811848
2026-01-07,CIAN Yield Layer,92164670
2026-01-07,MI4 (Mantle Index Four),172851159
2026-01-07,Ondo USDY,28929698
2026-01-08,Bybit,677751232
2026-01-08,CIAN Yield Layer,99701962
2026-01-08,MI4 (Mantle Index Four),175245437
2026-01-08,Ondo USDY,29011866
2026-01-09,Bybit,654414186
2026-01-09,CIAN Yield Layer,107897263
2026-01-09,MI4 (Mantle Index Four),170731722
2026-01-09,Ondo USDY,28833397
2026-01-10,Bybit,694552253
2026-01-10,CIAN Yield Layer,105493708
2026-01-10,MI4 (Mantle Index Four),171175984
2026-01-10,Ondo USDY,28816914
2026-01-11,Bybit,691547669
2026-01-11,CIAN Yield Layer,109404032
2026-01-11,MI4 (Mantle Index Four),170322860
2026-01-11,Ondo USDY,29013431
2026-01-12,Bybit,693447351
2026-01-12,CIAN Yield Layer,113742237
2026-01-12,MI4 (Mantle Index Four),170599059
2026-01-12,Ondo USDY,28960495
2026-01-13,Bybit,673804602
2026-01-13,CIAN Yield Layer,118766785
2026-01-13,MI4 (Mantle Index Four),171066752
2026-01-13,Ondo USDY,28854397
2026-01-14,Bybit,699391104
2026-01-14,CIAN Yield Layer,116993576
2026-01-14,MI4 (Mantle Index Four),171869395
2026-01-14,Ondo USDY,28934159
2026-01-15,Bybit,709952372
2026-01-15,CIAN Yield Layer,123997472
2026-01-15,MI4 (Mantle Index Four),179426627
2026-01-15,Ondo USDY,28947661
2026-01-16,Bybit,726089487
2026-01-16,CIAN Yield Layer,123042691
2026-01-16,MI4 (Mantle Index Four),180243555
2026-01-16,Ondo USDY,28789899
2026-01-17,Bybit,715760494
2026-01-17,CIAN Yield Layer,123073056
2026-01-17,MI4 (Mantle Index Four),179770551
2026-01-17,Ondo USDY,28484920
2026-01-18,Bybit,715014299
2026-01-18,CIAN Yield Layer,123971749
2026-01-18,MI4 (Mantle Index Four),179005076
2026-01-18,Ondo USDY,29056585
2026-01-19,Bybit,725546386
2026-01-19,CIAN Yield Layer,124073544
2026-01-19,MI4 (Mantle Index Four),178872252
2026-01-19,Ondo USDY,28947943
2026-01-20,Bybit,688458049
2026-01-20,CIAN Yield Layer,124659053
2026-01-20,MI4 (Mantle Index Four),179327049
2026-01-20,Ondo USDY,28761798
2026-01-21,Bybit,639079573
2026-01-21,CIAN Yield Layer,124443523
2026-01-21,MI4 (Mantle Index Four),170681500
2026-01-21,Ondo USDY,29132867
2026-01-22,Bybit,644211718
2026-01-22,CIAN Yield Layer,135047566
2026-01-22,MI4 (Mantle Index Four),165744445
2026-01-22,Ondo USDY,28986287
2026-01-23,Bybit,653607942
2026-01-23,CIAN Yield Layer,135600305
2026-01-23,MI4 (Mantle Index Four),168079390
2026-01-23,Ondo USDY,28840143
2026-01-24,Bybit,654882456
2026-01-24,CIAN Yield Layer,142377567
2026-01-24,MI4 (Mantle Index Four),167504065
2026-01-24,Ondo USDY,28845607
2026-01-25,Bybit,654815838
2026-01-25,CIAN Yield Layer,141763834
2026-01-25,MI4 (Mantle Index Four),165770878
2026-01-25,Ondo USDY,28694113
2026-01-26,Bybit,622846991
2026-01-26,CIAN Yield Layer,141834098
2026-01-26,MI4 (Mantle Index Four),165693598
2026-01-26,Ondo USDY,28857080
2026-01-27,Bybit,652274635
2026-01-27,CIAN Yield Layer,142586138
2026-01-27,MI4 (Mantle Index Four),162741087
2026-01-27,Ondo USDY,28979421
2026-01-28,Bybit,669264527
2026-01-28,CIAN Yield Layer,142235023
2026-01-28,MI4 (Mantle Index Four),164095468
2026-01-28,Ondo USDY,28729986
2026-01-29,Bybit,701148228
2026-01-29,CIAN Yield Layer,144467937
2026-01-29,MI4 (Mantle Index Four),167162817
2026-01-29,Ondo USDY,28811806
2026-01-30,Bybit,662231334
2026-01-30,CIAN Yield Layer,145428858
2026-01-30,MI4 (Mantle Index Four),166718097
2026-01-30,Ondo USDY,29132064
2026-01-31,Bybit,632164143
2026-01-31,CIAN Yield Layer,144659481
2026-01-31,MI4 (Mantle Index Four),154391925
2026-01-31,Ondo USDY,28421014
2026-02-01,Bybit,590443683
2026-02-01,CIAN Yield Layer,146459943
2026-02-01,MI4 (Mantle Index Four),150920040
2026-02-01,Ondo USDY,28820516
2026-02-02,Bybit,563916315
2026-02-02,CIAN Yield Layer,147160975
2026-02-02,MI4 (Mantle Index Four),155111922
2026-02-02,Ondo USDY,29398249
2026-02-03,Bybit,575216534
2026-02-03,CIAN Yield Layer,148530283
2026-02-03,MI4 (Mantle Index Four),154794682
2026-02-03,Ondo USDY,29151346
2026-02-04,Bybit,485631833
2026-02-04,CIAN Yield Layer,150694143
2026-02-04,MI4 (Mantle Index Four),142042818
2026-02-04,Ondo USDY,29140473
2026-02-05,Bybit,470600462
2026-02-05,CIAN Yield Layer,151269550
2026-02-05,MI4 (Mantle Index Four),139505364
2026-02-05,Ondo USDY,29151058
2026-02-06,Bybit,388651736
2026-02-06,CIAN Yield Layer,151862975
2026-02-06,MI4 (Mantle Index Four),130094553
2026-02-06,Ondo USDY,29536633
2026-02-07,Bybit,440940968
2026-02-07,CIAN Yield Layer,143658605
2026-02-07,MI4 (Mantle Index Four),120494404
2026-02-07,Ondo USDY,29080790
2026-02-08,Bybit,443820160
2026-02-08,CIAN Yield Layer,142242423
2026-02-08,MI4 (Mantle Index Four),120349274
2026-02-08,Ondo USDY,28983617
2026-02-09,Bybit,443691911
2026-02-09,CIAN Yield Layer,142873603
2026-02-09,MI4 (Mantle Index Four),120157611
2026-02-09,Ondo USDY,29070473
2026-02-10,Bybit,447782658
2026-02-10,CIAN Yield Layer,142894367
2026-02-10,MI4 (Mantle Index Four),120111651
2026-02-10,Ondo USDY,29522266
2026-02-11,Bybit,434564253
2026-02-11,CIAN Yield Layer,141511180
2026-02-11,MI4 (Mantle Index Four),120733583
2026-02-11,Ondo USDY,29106184
2026-02-12,Bybit,423197445
2026-02-12,CIAN Yield Layer,140910489
2026-02-12,MI4 (Mantle Index Four),123645874
2026-02-12,Ondo USDY,29153816
2026-02-13,Bybit,422626653
2026-02-13,CIAN Yield Layer,139565716
2026-02-13,MI4 (Mantle Index Four),124675872
2026-02-13,Ondo USDY,29165443
2026-02-14,Bybit,458858554
2026-02-14,CIAN Yield Layer,140184863
2026-02-14,MI4 (Mantle Index Four),122702230
2026-02-14,Ondo USDY,29285642
2026-02-15,Bybit,469277594
2026-02-15,CIAN Yield Layer,139681167
2026-02-15,MI4 (Mantle Index Four),122550864
2026-02-15,Ondo USDY,29185180
2026-02-16,Bybit,449052488
2026-02-16,CIAN Yield Layer,137401376
2026-02-16,MI4 (Mantle Index Four),122565057
2026-02-16,Ondo USDY,28985976
2026-02-17,Bybit,455714031
2026-02-17,CIAN Yield Layer,139121404
2026-02-17,MI4 (Mantle Index Four),122776045
2026-02-17,Ondo USDY,29212946
2026-02-18,Bybit,446800593
2026-02-18,CIAN Yield Layer,139562681
2026-02-18,MI4 (Mantle Index Four),126474584
2026-02-18,Ondo USDY,29146506
2026-02-19,Aave V3,156456424
2026-02-19,Bybit,451688391
2026-02-19,CIAN Yield Layer,135691872
2026-02-19,MI4 (Mantle Index Four),126617173
2026-02-19,Ondo USDY,29056000
2026-02-20,Aave V3,166163178
2026-02-20,Bybit,453641545
2026-02-20,CIAN Yield Layer,135147312
2026-02-20,MI4 (Mantle Index Four),125248544
2026-02-20,Ondo USDY,29145479
2026-02-21,Aave V3,165164829
2026-02-21,Bybit,459609889
2026-02-21,CIAN Yield Layer,134181988
2026-02-21,MI4 (Mantle Index Four),125365439
2026-02-21,Ondo USDY,29292360
2026-02-22,Aave V3,165910779
2026-02-22,Bybit,469078071
2026-02-22,CIAN Yield Layer,135579913
2026-02-22,MI4 (Mantle Index Four),125020198
2026-02-22,Ondo USDY,29206188
2026-02-23,Aave V3,180389087
2026-02-23,Bybit,461092800
2026-02-23,CIAN Yield Layer,139227401
2026-02-23,MI4 (Mantle Index Four),125245992
2026-02-23,Ondo USDY,29249815
2026-02-24,Aave V3,289281668
2026-02-24,Bybit,446481265
2026-02-24,CIAN Yield Layer,139717451
2026-02-24,MI4 (Mantle Index Four),121057359
2026-02-24,Ondo USDY,29228640
2026-02-25,Aave V3,274787292
2026-02-25,Bybit,449401399
2026-02-25,CIAN Yield Layer,133440330
2026-02-25,MI4 (Mantle Index Four),116627430
2026-02-25,Ondo USDY,29202988
2026-02-26,Aave V3,264006950
2026-02-26,Bybit,477719009
2026-02-26,CIAN Yield Layer,135332288
2026-02-26,MI4 (Mantle Index Four),116483310
2026-02-26,Ondo USDY,29537037
2026-02-27,Aave V3,273413102
2026-02-27,Bybit,485014024
2026-02-27,CIAN Yield Layer,135613720
2026-02-27,MI4 (Mantle Index Four),128586107
2026-02-27,Ondo USDY,29237004
2026-02-28,Aave V3,392510473
2026-02-28,Bybit,470395674
2026-02-28,CIAN Yield Layer,133452496
2026-02-28,MI4 (Mantle Index Four),127759604
2026-02-28,Ondo USDY,28983864
2026-03-01,Aave V3,391526459
2026-03-01,Bybit,473532979
2026-03-01,CIAN Yield Layer,135597266
2026-03-01,MI4 (Mantle Index Four),127770981
2026-03-01,Ondo USDY,29219643
2026-03-02,Aave V3,397127129
2026-03-02,Bybit,458230170
2026-03-02,CIAN Yield Layer,135889284
2026-03-02,MI4 (Mantle Index Four),127571736
2026-03-02,Ondo USDY,29317307
2026-03-03,Aave V3,412079844
2026-03-03,Bybit,477514268
2026-03-03,CIAN Yield Layer,138892112
2026-03-03,MI4 (Mantle Index Four),123060226
2026-03-03,Ondo USDY,29069740
2026-03-04,Aave V3,409162976
2026-03-04,Bybit,482912523
2026-03-04,CIAN Yield Layer,143279200
2026-03-04,MI4 (Mantle Index Four),127276335
2026-03-04,Ondo USDY,29131647
2026-03-05,Aave V3,416413059
2026-03-05,Bybit,508225808
2026-03-05,CIAN Yield Layer,148809320
2026-03-05,MI4 (Mantle Index Four),128553510
2026-03-05,Ondo USDY,28972435
2026-03-06,Aave V3,417469641
2026-03-06,Bybit,505433860
2026-03-06,CIAN Yield Layer,148917858
2026-03-06,MI4 (Mantle Index Four),134107152
2026-03-06,Ondo USDY,29374766
2026-03-07,Aave V3,416223420
2026-03-07,Bybit,493348703
2026-03-07,CIAN Yield Layer,153560071
2026-03-07,MI4 (Mantle Index Four),132062355
2026-03-07,Ondo USDY,29061743
2026-03-08,Aave V3,420224932
2026-03-08,Bybit,484342434
2026-03-08,CIAN Yield Layer,154839932
2026-03-08,MI4 (Mantle Index Four),132024938
2026-03-08,Ondo USDY,29382517
2026-03-09,Aave V3,419024917
2026-03-09,Bybit,480184390
2026-03-09,CIAN Yield Layer,157513046
2026-03-09,MI4 (Mantle Index Four),132246236
2026-03-09,Ondo USDY,29426128
2026-03-10,Aave V3,458998854
2026-03-10,Bybit,509152374
2026-03-10,CIAN Yield Layer,161459061
2026-03-10,MI4 (Mantle Index Four),125571511
2026-03-10,Ondo USDY,29355451
2026-03-11,Aave V3,474681586
2026-03-11,Bybit,520387056
2026-03-11,CIAN Yield Layer,164430224
2026-03-11,MI4 (Mantle Index Four),130758907
2026-03-11,Ondo USDY,29446400
2026-03-12,Aave V3,443113662
2026-03-12,Bybit,518616642
2026-03-12,CIAN Yield Layer,167025107
2026-03-12,MI4 (Mantle Index Four),128265610
2026-03-12,Ondo USDY,29325786
2026-03-13,Aave V3,451928783
2026-03-13,Bybit,531179678
2026-03-13,CIAN Yield Layer,167940165
2026-03-13,MI4 (Mantle Index Four),129557518
2026-03-13,Ondo USDY,29274612
2026-03-14,Aave V3,464304189
2026-03-14,Bybit,533430787
2026-03-14,CIAN Yield Layer,174538895
2026-03-14,MI4 (Mantle Index Four),133662318
2026-03-14,Ondo USDY,29431987
2026-03-15,Aave V3,466607173
2026-03-15,Bybit,555668558
2026-03-15,CIAN Yield Layer,173310111
2026-03-15,MI4 (Mantle Index Four),132997047
2026-03-15,Ondo USDY,29518692
2026-03-16,Aave V3,479249688
2026-03-16,Bybit,568403633
2026-03-16,CIAN Yield Layer,175548956
2026-03-16,MI4 (Mantle Index Four),133691955
2026-03-16,Ondo USDY,29623967
2026-03-17,Aave V3,494846926
2026-03-17,Bybit,611728350
2026-03-17,CIAN Yield Layer,181914494
2026-03-17,MI4 (Mantle Index Four),140218183
2026-03-17,Ondo USDY,29436660
2026-03-18,Aave V3,518545070
2026-03-18,Bybit,599767582
2026-03-18,CIAN Yield Layer,189225002
2026-03-18,MI4 (Mantle Index Four),141443130
2026-03-18,Ondo USDY,29572253
2026-03-19,Aave V3,522213677
2026-03-19,Bybit,570172151
2026-03-19,CIAN Yield Layer,189150523
2026-03-19,MI4 (Mantle Index Four),141984023
2026-03-19,Ondo USDY,29568702
2026-03-20,Aave V3,512815499
2026-03-20,Bybit,557917632
2026-03-20,CIAN Yield Layer,189915031
2026-03-20,MI4 (Mantle Index Four),133892059
2026-03-20,Ondo USDY,29598398
2026-03-21,Aave V3,525167806
2026-03-21,Bybit,563497750
2026-03-21,CIAN Yield Layer,193060364
2026-03-21,MI4 (Mantle Index Four),134124825
2026-03-21,Ondo USDY,29403783
2026-03-22,Aave V3,519163661
2026-03-22,Bybit,551189562
2026-03-22,CIAN Yield Layer,194426349
2026-03-22,MI4 (Mantle Index Four),134046473
2026-03-22,Ondo USDY,29613605
2026-03-23,Aave V3,514399100
2026-03-23,Bybit,543759590
2026-03-23,CIAN Yield Layer,195845651
2026-03-23,MI4 (Mantle Index Four),134046680
2026-03-23,Ondo USDY,29620429
2026-03-24,Aave V3,528609710
2026-03-24,Bybit,561408390
2026-03-24,CIAN Yield Layer,199320062
2026-03-24,MI4 (Mantle Index Four),128497278
2026-03-24,Ondo USDY,29729623
2026-03-25,Aave V3,540226711
2026-03-25,Bybit,567221368
2026-03-25,CIAN Yield Layer,204221491
2026-03-25,MI4 (Mantle Index Four),135292519
2026-03-25,Ondo USDY,29563368
2026-03-26,Aave V3,549165959
2026-03-26,Bybit,575486343
2026-03-26,CIAN Yield Layer,208040907
2026-03-26,MI4 (Mantle Index Four),134792209
2026-03-26,Ondo USDY,29455524
2026-03-27,Aave V3,549256167
2026-03-27,Bybit,543928943
2026-03-27,CIAN Yield Layer,214057368
2026-03-27,MI4 (Mantle Index Four),132172591
2026-03-27,Ondo USDY,29608378
2026-03-28,Aave V3,549680832
2026-03-28,Bybit,540300867
2026-03-28,CIAN Yield Layer,216958209
2026-03-28,MI4 (Mantle Index Four),129130236
2026-03-28,Ondo USDY,29501729
2026-03-29,Aave V3,550469401
2026-03-29,Bybit,542022270
2026-03-29,CIAN Yield Layer,218542252
2026-03-29,MI4 (Mantle Index Four),129053674
2026-03-29,Ondo USDY,29642618
2026-03-30,Aave V3,540339457
2026-03-30,Bybit,540268825
2026-03-30,CIAN Yield Layer,221191684
2026-03-30,MI4 (Mantle Index Four),129244028
2026-03-30,Ondo USDY,29441774
2026-03-31,Aave V3,547122545
2026-03-31,Bybit,547872800
2026-03-31,CIAN Yield Layer,216792053
2026-03-31,MI4 (Mantle Index Four),127373747
2026-03-31,Ondo USDY,29560816
2026-04-01,Aave V3,551723993
2026-04-01,Bybit,538686173
2026-04-01,CIAN Yield Layer,221782424
2026-04-01,MI4 (Mantle Index Four),127233012
2026-04-01,Ondo USDY,29534175
2026-04-02,Aave V3,559660834
2026-04-02,Bybit,548314144
2026-04-02,CIAN Yield Layer,221254789
2026-04-02,MI4 (Mantle Index Four),130796763
2026-04-02,Ondo USDY,29384694
2026-04-03,Aave V3,548745341
2026-04-03,Bybit,528421642
2026-04-03,CIAN Yield Layer,221755912
2026-04-03,MI4 (Mantle Index Four),126169747
2026-04-03,Ondo USDY,29665536
2026-04-04,Aave V3,559949727
2026-04-04,Bybit,530563875
2026-04-04,CIAN Yield Layer,219792562
2026-04-04,MI4 (Mantle Index Four),126183150
2026-04-04,Ondo USDY,29637960
2026-04-05,Aave V3,562551447
2026-04-05,Bybit,529266863
2026-04-05,CIAN Yield Layer,220937689
2026-04-05,MI4 (Mantle Index Four),126001621
2026-04-05,Ondo USDY,29643732
2026-04-06,Aave V3,568326001
2026-04-06,Bybit,539781381
2026-04-06,CIAN Yield Layer,221900295
2026-04-06,MI4 (Mantle Index Four),126718529
2026-04-06,Ondo USDY,29339635
2026-04-07,Aave V3,569851338
2026-04-07,Bybit,534830844
2026-04-07,CIAN Yield Layer,221474923
2026-04-07,MI4 (Mantle Index Four),131028504
2026-04-07,Ondo USDY,29656012
2026-04-08,Aave V3,573186019
2026-04-08,Bybit,557061850
2026-04-08,CIAN Yield Layer,218499519
2026-04-08,MI4 (Mantle Index Four),129986428
2026-04-08,Ondo USDY,29689400
2026-04-09,Aave V3,574841001
2026-04-09,Bybit,551307278
2026-04-09,CIAN Yield Layer,221198474
2026-04-09,MI4 (Mantle Index Four),129310059
2026-04-09,Ondo USDY,29641516
2026-04-10,Aave V3,574507879
2026-04-10,Bybit,556638368
2026-04-10,CIAN Yield Layer,221198075
2026-04-10,MI4 (Mantle Index Four),134131365
2026-04-10,Ondo USDY,29964895
2026-04-11,Aave V3,579930198
2026-04-11,Bybit,567719246
2026-04-11,CIAN Yield Layer,217809205
2026-04-11,MI4 (Mantle Index Four),134280114
2026-04-11,Ondo USDY,29650419
2026-04-12,Aave V3,578618646
2026-04-12,Bybit,576769159
2026-04-12,CIAN Yield Layer,216593475
2026-04-12,MI4 (Mantle Index Four),134174616
2026-04-12,Ondo USDY,29636137
2026-04-13,Aave V3,575570908
2026-04-13,Bybit,561180380
2026-04-13,CIAN Yield Layer,219970156
2026-04-13,MI4 (Mantle Index Four),134400825
2026-04-13,Ondo USDY,29685287
2026-04-14,Aave V3,588416808
2026-04-14,Bybit,590094107
2026-04-14,CIAN Yield Layer,221100562
2026-04-14,MI4 (Mantle Index Four),134114212
2026-04-14,Ondo USDY,29461536
2026-04-15,Aave V3,590496068
2026-04-15,Bybit,574030272
2026-04-15,CIAN Yield Layer,220346004
2026-04-15,MI4 (Mantle Index Four),142657403
2026-04-15,Ondo USDY,29476224
2026-04-16,Aave V3,592308730
2026-04-16,Bybit,579898508
2026-04-16,CIAN Yield Layer,218830983
2026-04-16,MI4 (Mantle Index Four),140175689
2026-04-16,Ondo USDY,29641182
2026-04-17,Aave V3,579399998
2026-04-17,Bybit,583964754
2026-04-17,CIAN Yield Layer,218876192
2026-04-17,MI4 (Mantle Index Four),142135318
2026-04-17,Ondo USDY,29720155
2026-04-18,Aave V3,584498682
2026-04-18,Bybit,597610424
2026-04-18,CIAN Yield Layer,217165684
2026-04-18,MI4 (Mantle Index Four),142520930
2026-04-18,Ondo USDY,29405951
2026-04-19,Aave V3,385297584
2026-04-19,Bybit,586073854
2026-04-19,CIAN Yield Layer,217500337
2026-04-19,MI4 (Mantle Index Four),142415377
2026-04-19,Ondo USDY,29346788
2026-04-20,Aave V3,239041316
2026-04-20,Bybit,595344333
2026-04-20,CIAN Yield Layer,216763095
2026-04-20,MI4 (Mantle Index Four),141256072
2026-04-20,Ondo USDY,29588395
2026-04-21,Aave V3,160365058
2026-04-21,Bybit,620151691
2026-04-21,CIAN Yield Layer,193490881
2026-04-21,MI4 (Mantle Index Four),139894127
2026-04-21,Ondo USDY,29401191
2026-04-22,Aave V3,104080486
2026-04-22,Bybit,630049367
2026-04-22,CIAN Yield Layer,187955285
2026-04-22,MI4 (Mantle Index Four),143365682
2026-04-22,Ondo USDY,29337657
2026-04-23,Aave V3,126877851
2026-04-23,Bybit,665797889
2026-04-23,CIAN Yield Layer,183853510
2026-04-23,MI4 (Mantle Index Four),146593406
2026-04-23,Ondo USDY,29394006
2026-04-24,Aave V3,105907168
2026-04-24,Bybit,670983666
2026-04-24,CIAN Yield Layer,181108174
2026-04-24,MI4 (Mantle Index Four),145502449
2026-04-24,Ondo USDY,29436392
2026-04-25,Aave V3,112415156
2026-04-25,Bybit,665156617
2026-04-25,CIAN Yield Layer,171657471
2026-04-25,MI4 (Mantle Index Four),143678129
2026-04-25,Ondo USDY,29409744
2026-04-26,Aave V3,103368105
2026-04-26,Bybit,667639442
2026-04-26,CIAN Yield Layer,169852426
2026-04-26,MI4 (Mantle Index Four),143759730
2026-04-26,Ondo USDY,29326911
2026-04-27,Aave V3,111148694
2026-04-27,Bybit,677028433
2026-04-27,CIAN Yield Layer,167167915
2026-04-27,MI4 (Mantle Index Four),143739917
2026-04-27,Ondo USDY,29464588
2026-04-28,Aave V3,108137454
2026-04-28,Bybit,662122055
2026-04-28,CIAN Yield Layer,165161480
2026-04-28,MI4 (Mantle Index Four),143897764
2026-04-28,Ondo USDY,29407919
2026-04-29,Aave V3,110966021
2026-04-29,Bybit,658746926
2026-04-29,CIAN Yield Layer,162886896
2026-04-29,MI4 (Mantle Index Four),142103697
2026-04-29,Ondo USDY,29355110
2026-04-30,Aave V3,110083462
2026-04-30,Bybit,650336652
2026-04-30,CIAN Yield Layer,164622156
2026-04-30,MI4 (Mantle Index Four),143533835
2026-04-30,Ondo USDY,29258955
2026-05-01,Aave V3,113784420
2026-05-01,Bybit,653808626
2026-05-01,CIAN Yield Layer,164344992
2026-05-01,MI4 (Mantle Index Four),140274358
2026-05-01,Ondo USDY,29126803
2026-05-02,Aave V3,121912560
2026-05-02,Bybit,660420064
2026-05-02,CIAN Yield Layer,164469737
2026-05-02,MI4 (Mantle Index Four),140252453
2026-05-02,Ondo USDY,29414720
2026-05-03,Aave V3,122370665
2026-05-03,Bybit,666031739
2026-05-03,CIAN Yield Layer,164868757
2026-05-03,MI4 (Mantle Index Four),140467793
2026-05-03,Ondo USDY,29284180
2026-05-04,Aave V3,121158790
2026-05-04,Bybit,667367356
2026-05-04,CIAN Yield Layer,164235663
2026-05-04,MI4 (Mantle Index Four),140580207
2026-05-04,Ondo USDY,29423745
2026-05-05,Aave V3,121290140
2026-05-05,Bybit,674223838
2026-05-05,CIAN Yield Layer,164771463
2026-05-05,MI4 (Mantle Index Four),147017237
2026-05-05,Ondo USDY,29167447
2026-05-06,Aave V3,121707348
2026-05-06,Bybit,679117253
2026-05-06,CIAN Yield Layer,161646528
2026-05-06,MI4 (Mantle Index Four),148534740
2026-05-06,Ondo USDY,29352769
2026-05-07,Aave V3,125301917
2026-05-07,Bybit,679701493
2026-05-07,CIAN Yield Layer,159264959
2026-05-07,MI4 (Mantle Index Four),149017995
2026-05-07,Ondo USDY,29316959
2026-05-08,Aave V3,125692463
2026-05-08,Bybit,669209523
2026-05-08,CIAN Yield Layer,158105385
2026-05-08,MI4 (Mantle Index Four),149193329
2026-05-08,Ondo USDY,29440121
2026-05-09,Aave V3,126971658
2026-05-09,Bybit,677631728
2026-05-09,CIAN Yield Layer,153968479
2026-05-09,MI4 (Mantle Index Four),146227481
2026-05-09,Ondo USDY,29396845
2026-05-10,Aave V3,128479032
2026-05-10,Bybit,678505821
2026-05-10,CIAN Yield Layer,154366714
2026-05-10,MI4 (Mantle Index Four),145380488
2026-05-10,Ondo USDY,29217074
2026-05-11,Aave V3,131026802
2026-05-11,Bybit,693611576
2026-05-11,CIAN Yield Layer,154109544
2026-05-11,MI4 (Mantle Index Four),145989468
2026-05-11,Ondo USDY,29486442
2026-05-12,Aave V3,131743168
2026-05-12,Bybit,683213757
2026-05-12,CIAN Yield Layer,153267997
2026-05-12,MI4 (Mantle Index Four),148669510
2026-05-12,Ondo USDY,29403420
2026-05-13,Aave V3,122102359
2026-05-13,Bybit,668603643
2026-05-13,CIAN Yield Layer,166226541
2026-05-13,MI4 (Mantle Index Four),148102928
2026-05-13,Ondo USDY,29379251
2026-05-14,Aave V3,131852134
2026-05-14,Bybit,666471291
2026-05-14,CIAN Yield Layer,166613293
2026-05-14,MI4 (Mantle Index Four),148039224
2026-05-14,Ondo USDY,29357609
2026-05-15,Aave V3,136741907
2026-05-15,Bybit,674458093
2026-05-15,CIAN Yield Layer,165985768
2026-05-15,MI4 (Mantle Index Four),145082089
2026-05-15,Ondo USDY,29501672
2026-05-16,Aave V3,136205295
2026-05-16,Bybit,658447546
2026-05-16,CIAN Yield Layer,164397962
2026-05-16,MI4 (Mantle Index Four),146892057
2026-05-16,Ondo USDY,29279156
2026-05-17,Aave V3,137797904
2026-05-17,Bybit,646633577
2026-05-17,CIAN Yield Layer,163824538
2026-05-17,MI4 (Mantle Index Four),146176418
2026-05-17,Ondo USDY,29375072
2026-05-18,Aave V3,135965240
2026-05-18,Bybit,645382725
2026-05-18,CIAN Yield Layer,164085216
2026-05-18,MI4 (Mantle Index Four),145735689
2026-05-18,Ondo USDY,29379961
2026-05-19,Aave V3,136880667
2026-05-19,Bybit,634476743
2026-05-19,CIAN Yield Layer,163678425
2026-05-19,MI4 (Mantle Index Four),138385354
2026-05-19,Ondo USDY,29344312
2026-05-20,Aave V3,136632737
2026-05-20,Bybit,631544460
2026-05-20,CIAN Yield Layer,162668249
2026-05-20,MI4 (Mantle Index Four),138720387
2026-05-20,Ondo USDY,29237049
2026-05-21,Aave V3,122143565
2026-05-21,Bybit,667280516
2026-05-21,CIAN Yield Layer,163120077
2026-05-21,MI4 (Mantle Index Four),139118901
2026-05-21,Ondo USDY,29527218
2026-05-22,Aave V3,131379534
2026-05-22,Bybit,666138293
2026-05-22,CIAN Yield Layer,163438524
2026-05-22,MI4 (Mantle Index Four),139450991
2026-05-22,Ondo USDY,29398720
2026-05-23,Aave V3,126393835
2026-05-23,Bybit,620940949
2026-05-23,CIAN Yield Layer,162646257
2026-05-23,MI4 (Mantle Index Four),138652471
2026-05-23,Ondo USDY,29466500
2026-05-24,Aave V3,143632386
2026-05-24,Bybit,639404937
2026-05-24,CIAN Yield Layer,163729805
2026-05-24,MI4 (Mantle Index Four),139120650
2026-05-24,Ondo USDY,29488354
2026-05-25,Aave V3,146831521
2026-05-25,Bybit,631751981
2026-05-25,CIAN Yield Layer,163824801
2026-05-25,MI4 (Mantle Index Four),138857548
2026-05-25,Ondo USDY,29343679
2026-05-26,Aave V3,150996341
2026-05-26,Bybit,632861388
2026-05-26,CIAN Yield Layer,164685787
2026-05-26,MI4 (Mantle Index Four),138948799
2026-05-26,Ondo USDY,29316687
2026-05-27,Aave V3,151120608
2026-05-27,Aave V3,155182850
2026-05-27,Bybit,620114369
2026-05-27,Bybit,623642420
2026-05-27,CIAN Yield Layer,161349111
2026-05-27,CIAN Yield Layer,164627773
2026-05-27,MI4 (Mantle Index Four),136930849
2026-05-27,MI4 (Mantle Index Four),137294680
2026-05-27,Ondo USDY,29373553
2026-05-27,Ondo USDY,29379835
2025-06-01,Agni Finance,38489463
2025-06-01,Merchant Moe,84202966
2025-06-02,Agni Finance,38676745
2025-06-02,Merchant Moe,83819193
2025-06-03,Agni Finance,38933389
2025-06-03,Merchant Moe,84452156
2025-06-04,Agni Finance,38861078
2025-06-04,Merchant Moe,84285439
2025-06-05,Agni Finance,38789743
2025-06-05,Merchant Moe,84406634
2025-06-06,Agni Finance,37476358
2025-06-06,Merchant Moe,82342518
2025-06-07,Agni Finance,38012025
2025-06-07,Merchant Moe,83004914
2025-06-08,Agni Finance,38435662
2025-06-08,Merchant Moe,83474234
2025-06-09,Agni Finance,38320706
2025-06-09,Merchant Moe,83331620
2025-06-10,Agni Finance,39594652
2025-06-10,Merchant Moe,84817819
2025-06-11,Agni Finance,40206429
2025-06-11,Merchant Moe,85736320
2025-06-12,Agni Finance,39922801
2025-06-12,Merchant Moe,85390764
2025-06-13,Agni Finance,38966586
2025-06-13,Merchant Moe,84165411
2025-06-14,Agni Finance,38602812
2025-06-14,Merchant Moe,83682798
2025-06-15,Agni Finance,38368627
2025-06-15,Merchant Moe,83307358
2025-06-16,Agni Finance,38365161
2025-06-16,Merchant Moe,83354258
2025-06-17,Agni Finance,38461100
2025-06-17,Merchant Moe,83379431
2025-06-18,Agni Finance,37840779
2025-06-18,Merchant Moe,82497508
2025-06-19,Agni Finance,38017787
2025-06-19,Merchant Moe,82777379
2025-06-20,Agni Finance,38114905
2025-06-20,Merchant Moe,83099309
2025-06-21,Agni Finance,37496273
2025-06-21,Merchant Moe,82332738
2025-06-22,Agni Finance,36761493
2025-06-22,Merchant Moe,81408214
2025-06-23,Agni Finance,36051161
2025-06-23,Merchant Moe,80561597
2025-06-24,Agni Finance,37518905
2025-06-24,Merchant Moe,82046154
2025-06-25,Agni Finance,37844738
2025-06-25,Merchant Moe,82537564
2025-06-26,Agni Finance,37826674
2025-06-26,Merchant Moe,82560123
2025-06-27,Agni Finance,37732288
2025-06-27,Merchant Moe,82481116
2025-06-28,Agni Finance,37726680
2025-06-28,Merchant Moe,83330340
2025-06-29,Agni Finance,37897439
2025-06-29,Merchant Moe,82448885
2025-06-30,Agni Finance,38236867
2025-06-30,Merchant Moe,82939280
2025-07-01,Agni Finance,37955764
2025-07-01,Merchant Moe,82606561
2025-07-02,Agni Finance,37260408
2025-07-02,Merchant Moe,81745357
2025-07-03,Agni Finance,38479679
2025-07-03,Merchant Moe,84414170
2025-07-04,Agni Finance,38715654
2025-07-04,Merchant Moe,83582073
2025-07-05,Agni Finance,37958967
2025-07-05,Merchant Moe,82593019
2025-07-06,Agni Finance,37992333
2025-07-06,Merchant Moe,82671671
2025-07-07,Agni Finance,38373408
2025-07-07,Merchant Moe,83154419
2025-07-08,Agni Finance,38159826
2025-07-08,Merchant Moe,82732231
2025-07-09,Agni Finance,38528712
2025-07-09,Merchant Moe,83314384
2025-07-10,Agni Finance,39586337
2025-07-10,Merchant Moe,84649350
2025-07-11,Agni Finance,40927403
2025-07-11,Merchant Moe,86412250
2025-07-12,Agni Finance,41151027
2025-07-12,Merchant Moe,86175058
2025-07-13,Agni Finance,41250673
2025-07-13,Merchant Moe,86428616
2025-07-14,Agni Finance,41861878
2025-07-14,Merchant Moe,87024384
2025-07-15,Agni Finance,42266542
2025-07-15,Merchant Moe,87835553
2025-07-16,Agni Finance,42424908
2025-07-16,Merchant Moe,88181452
2025-07-17,Agni Finance,43409368
2025-07-17,Merchant Moe,89525191
2025-07-18,Agni Finance,44007356
2025-07-18,Merchant Moe,90537003
2025-07-19,Agni Finance,44146831
2025-07-19,Merchant Moe,91124136
2025-07-20,Agni Finance,44431288
2025-07-20,Merchant Moe,91106643
2025-07-21,Agni Finance,44956091
2025-07-21,Merchant Moe,91902198
2025-07-22,Agni Finance,45029334
2025-07-22,Merchant Moe,92112420
2025-07-23,Agni Finance,45492438
2025-07-23,Merchant Moe,92352485
2025-07-24,Agni Finance,44661896
2025-07-24,Merchant Moe,91171689
2025-07-25,Agni Finance,44770067
2025-07-25,Merchant Moe,91583944
2025-07-26,Agni Finance,44896637
2025-07-26,Merchant Moe,91784379
2025-07-27,Agni Finance,45125767
2025-07-27,Merchant Moe,92147086
2025-07-28,Agni Finance,45882506
2025-07-28,Merchant Moe,93075463
2025-07-29,Agni Finance,45122160
2025-07-29,Merchant Moe,92105623
2025-07-30,Agni Finance,45123965
2025-07-30,Merchant Moe,92145944
2025-07-31,Agni Finance,45086826
2025-07-31,Merchant Moe,92154799
2025-08-01,Agni Finance,44551752
2025-08-01,Merchant Moe,91319281
2025-08-02,Agni Finance,43489799
2025-08-02,Merchant Moe,89789503
2025-08-03,Agni Finance,43106706
2025-08-03,Merchant Moe,89202788
2025-08-04,Agni Finance,43660873
2025-08-04,Merchant Moe,90274289
2025-08-05,Agni Finance,44936843
2025-08-05,Merchant Moe,91618226
2025-08-06,Agni Finance,44611775
2025-08-06,Merchant Moe,91207281
2025-08-07,Agni Finance,45042739
2025-08-07,Merchant Moe,91876916
2025-08-08,Agni Finance,46430216
2025-08-08,Merchant Moe,93158820
2025-08-09,Agni Finance,46644596
2025-08-09,Merchant Moe,93802829
2025-08-10,Agni Finance,47644364
2025-08-10,Merchant Moe,95276670
2025-08-11,Agni Finance,47731192
2025-08-11,Merchant Moe,95254917
2025-08-12,Agni Finance,46989945
2025-08-12,Merchant Moe,94672490
2025-08-13,Agni Finance,48365636
2025-08-13,Merchant Moe,95216152
2025-08-14,Agni Finance,49547104
2025-08-14,Merchant Moe,96646922
2025-08-15,Agni Finance,47717181
2025-08-15,Merchant Moe,94790836
2025-08-16,Agni Finance,47650010
2025-08-16,Merchant Moe,94558981
2025-08-17,Agni Finance,48376995
2025-08-17,Merchant Moe,95727376
2025-08-18,Agni Finance,47948302
2025-08-18,Merchant Moe,95770660
2025-08-19,Agni Finance,46145347
2025-08-19,Merchant Moe,95165748
2025-08-20,Agni Finance,45197677
2025-08-20,Merchant Moe,95194412
2025-08-21,Agni Finance,45753548
2025-08-21,Merchant Moe,97098756
2025-08-22,Agni Finance,45142993
2025-08-22,Merchant Moe,95280320
2025-08-23,Agni Finance,47326697
2025-08-23,Merchant Moe,96430982
2025-08-24,Agni Finance,46691121
2025-08-24,Merchant Moe,95546967
2025-08-25,Agni Finance,46463058
2025-08-25,Merchant Moe,95097722
2025-08-26,Agni Finance,44853967
2025-08-26,Merchant Moe,93237502
2025-08-27,Agni Finance,45812306
2025-08-27,Merchant Moe,94434804
2025-08-28,Agni Finance,45435865
2025-08-28,Merchant Moe,93369111
2025-08-29,Agni Finance,46105528
2025-08-29,Merchant Moe,93554405
2025-08-30,Agni Finance,44800079
2025-08-30,Merchant Moe,91650235
2025-08-31,Agni Finance,44971312
2025-08-31,Merchant Moe,92514207
2025-09-01,Agni Finance,44972704
2025-09-01,Merchant Moe,92016089
2025-09-02,Agni Finance,44639480
2025-09-02,Merchant Moe,91685712
2025-09-03,Agni Finance,44768627
2025-09-03,Merchant Moe,91880665
2025-09-04,Agni Finance,45070064
2025-09-04,Merchant Moe,92189805
2025-09-05,Agni Finance,44844095
2025-09-05,Merchant Moe,91748381
2025-09-06,Agni Finance,44994763
2025-09-06,Merchant Moe,92394734
2025-09-07,Agni Finance,28270668
2025-09-07,Merchant Moe,53746067
2025-09-08,Agni Finance,28542406
2025-09-08,Merchant Moe,54068345
2025-09-09,Agni Finance,28533994
2025-09-09,Merchant Moe,54296711
2025-09-10,Agni Finance,43077694
2025-09-10,Merchant Moe,83374864
2025-09-11,Agni Finance,43927292
2025-09-11,Merchant Moe,84561547
2025-09-12,Agni Finance,44671962
2025-09-12,Merchant Moe,77041504
2025-09-13,Agni Finance,48038840
2025-09-13,Merchant Moe,87602041
2025-09-14,Agni Finance,47669188
2025-09-14,Merchant Moe,87210336
2025-09-15,Agni Finance,47519278
2025-09-15,Merchant Moe,87882131
2025-09-16,Agni Finance,47155923
2025-09-16,Merchant Moe,86685041
2025-09-17,Agni Finance,47523863
2025-09-17,Merchant Moe,88020645
2025-09-18,Agni Finance,47636909
2025-09-18,Merchant Moe,87259016
2025-09-19,Agni Finance,92473499
2025-09-19,Merchant Moe,87399073
2025-09-20,Agni Finance,90772209
2025-09-20,Merchant Moe,86732071
2025-09-21,Agni Finance,90955565
2025-09-21,Merchant Moe,86873949
2025-09-22,Agni Finance,88699572
2025-09-22,Merchant Moe,80797374
2025-09-23,Agni Finance,87373967
2025-09-23,Merchant Moe,85739760
2025-09-24,Agni Finance,86698615
2025-09-24,Merchant Moe,85292942
2025-09-25,Agni Finance,86841869
2025-09-25,Merchant Moe,85680485
2025-09-26,Agni Finance,83756428
2025-09-26,Merchant Moe,83864114
2025-09-27,Agni Finance,84950542
2025-09-27,Merchant Moe,64927444
2025-09-28,Agni Finance,84708410
2025-09-28,Merchant Moe,69923338
2025-09-29,Agni Finance,86581197
2025-09-29,Merchant Moe,65059698
2025-09-30,Agni Finance,87894123
2025-09-30,Merchant Moe,71332273
2025-10-01,Agni Finance,86865475
2025-10-01,Merchant Moe,70818709
2025-10-02,Agni Finance,90033183
2025-10-02,Merchant Moe,72469338
2025-10-03,Agni Finance,91931350
2025-10-03,Merchant Moe,73313926
2025-10-04,Agni Finance,92840465
2025-10-04,Merchant Moe,73624450
2025-10-05,Agni Finance,92606707
2025-10-05,Merchant Moe,73641008
2025-10-06,Agni Finance,92965454
2025-10-06,Merchant Moe,74243667
2025-10-07,Agni Finance,95668665
2025-10-07,Merchant Moe,76528363
2025-10-08,Agni Finance,91292446
2025-10-08,Merchant Moe,69067087
2025-10-09,Agni Finance,92605898
2025-10-09,Merchant Moe,70372544
2025-10-10,Agni Finance,89848738
2025-10-10,Merchant Moe,73631740
2025-10-11,Agni Finance,81613325
2025-10-11,Merchant Moe,63731601
2025-10-12,Agni Finance,78895622
2025-10-12,Merchant Moe,66420997
2025-10-13,Agni Finance,86441063
2025-10-13,Merchant Moe,72017304
2025-10-14,Agni Finance,87482428
2025-10-14,Merchant Moe,71743008
2025-10-15,Agni Finance,85139832
2025-10-15,Merchant Moe,70303158
2025-10-16,Agni Finance,82954341
2025-10-16,Merchant Moe,68771454
2025-10-17,Agni Finance,81315995
2025-10-17,Merchant Moe,67293737
2025-10-18,Agni Finance,80179764
2025-10-18,Merchant Moe,66011127
2025-10-19,Agni Finance,81121927
2025-10-19,Merchant Moe,66744584
2025-10-20,Agni Finance,82922505
2025-10-20,Merchant Moe,68039320
2025-10-21,Agni Finance,82950724
2025-10-21,Merchant Moe,67992421
2025-10-22,Agni Finance,80530844
2025-10-22,Merchant Moe,66822761
2025-10-23,Agni Finance,79811279
2025-10-23,Merchant Moe,66329243
2025-10-24,Agni Finance,80989418
2025-10-24,Merchant Moe,67212573
2025-10-25,Agni Finance,81909393
2025-10-25,Merchant Moe,67415530
2025-10-26,Agni Finance,82389062
2025-10-26,Merchant Moe,67669626
2025-10-27,Agni Finance,85482766
2025-10-27,Merchant Moe,69302408
2025-10-28,Agni Finance,84676616
2025-10-28,Merchant Moe,68660142
2025-10-29,Agni Finance,82765120
2025-10-29,Merchant Moe,67745263
2025-10-30,Agni Finance,43144626
2025-10-30,Merchant Moe,67291337
2025-10-31,Agni Finance,42438634
2025-10-31,Merchant Moe,65692200
2025-11-01,Agni Finance,42559589
2025-11-01,Merchant Moe,65860468
2025-11-02,Agni Finance,42700545
2025-11-02,Merchant Moe,65875744
2025-11-03,Agni Finance,42459999
2025-11-03,Merchant Moe,66343531
2025-11-04,Agni Finance,40861993
2025-11-04,Merchant Moe,63377507
2025-11-05,Agni Finance,39457571
2025-11-05,Merchant Moe,61786745
2025-11-06,Agni Finance,39996021
2025-11-06,Merchant Moe,62268520
2025-11-07,Agni Finance,39445629
2025-11-07,Merchant Moe,61470303
2025-11-08,Agni Finance,40239611
2025-11-08,Merchant Moe,61840515
2025-11-09,Agni Finance,40217423
2025-11-09,Merchant Moe,61934285
2025-11-10,Agni Finance,41389616
2025-11-10,Merchant Moe,63324849
2025-11-11,Agni Finance,41165313
2025-11-11,Merchant Moe,63011938
2025-11-12,Agni Finance,40007539
2025-11-12,Merchant Moe,63016066
2025-11-13,Agni Finance,40075256
2025-11-13,Merchant Moe,63136325
2025-11-14,Agni Finance,38927733
2025-11-14,Merchant Moe,61971564
2025-11-15,Agni Finance,38073913
2025-11-15,Merchant Moe,60620440
2025-11-16,Agni Finance,38453069
2025-11-16,Merchant Moe,61172918
2025-11-17,Agni Finance,38136651
2025-11-17,Merchant Moe,60674728
2025-11-18,Agni Finance,37282347
2025-11-18,Merchant Moe,59583989
2025-11-19,Agni Finance,37312111
2025-11-19,Merchant Moe,59897714
2025-11-20,Agni Finance,37487500
2025-11-20,Merchant Moe,59503762
2025-11-21,Agni Finance,36040221
2025-11-21,Merchant Moe,57650864
2025-11-22,Agni Finance,35323725
2025-11-22,Merchant Moe,56588191
2025-11-23,Agni Finance,35405061
2025-11-23,Merchant Moe,56819653
2025-11-24,Agni Finance,36093614
2025-11-24,Merchant Moe,57727220
2025-11-25,Agni Finance,36505054
2025-11-25,Merchant Moe,58293165
2025-11-26,Agni Finance,36499655
2025-11-26,Merchant Moe,58349593
2025-11-27,Agni Finance,37150445
2025-11-27,Merchant Moe,59202809
2025-11-28,Agni Finance,38059807
2025-11-28,Merchant Moe,60070023
2025-11-29,Agni Finance,38263466
2025-11-29,Merchant Moe,60340265
2025-11-30,Agni Finance,38090233
2025-11-30,Merchant Moe,60144865
2025-12-01,Agni Finance,37906150
2025-12-01,Merchant Moe,59866195
2025-12-02,Agni Finance,36579217
2025-12-02,Merchant Moe,58057193
2025-12-03,Agni Finance,37992873
2025-12-03,Merchant Moe,59858035
2025-12-04,Agni Finance,39304009
2025-12-04,Merchant Moe,61706948
2025-12-05,Agni Finance,38619460
2025-12-05,Merchant Moe,60983406
2025-12-06,Agni Finance,38068254
2025-12-06,Merchant Moe,60262141
2025-12-07,Agni Finance,38004364
2025-12-07,Merchant Moe,60170137
2025-12-08,Agni Finance,38261876
2025-12-08,Merchant Moe,60556121
2025-12-09,Agni Finance,38511119
2025-12-09,Merchant Moe,60814571
2025-12-10,Agni Finance,39525173
2025-12-10,Merchant Moe,62133601
2025-12-11,Agni Finance,39584596
2025-12-11,Merchant Moe,62391710
2025-12-12,Agni Finance,39471028
2025-12-12,Merchant Moe,62242324
2025-12-13,Agni Finance,38847345
2025-12-13,Merchant Moe,61569972
2025-12-14,Agni Finance,39172932
2025-12-14,Merchant Moe,62089770
2025-12-15,Agni Finance,38589855
2025-12-15,Merchant Moe,61222899
2025-12-16,Agni Finance,37999288
2025-12-16,Merchant Moe,60812372
2025-12-17,Agni Finance,38185975
2025-12-17,Merchant Moe,60544732
2025-12-18,Agni Finance,37443412
2025-12-18,Merchant Moe,59503828
2025-12-19,Agni Finance,37223405
2025-12-19,Merchant Moe,59226245
2025-12-20,Agni Finance,38060086
2025-12-20,Merchant Moe,60221749
2025-12-21,Agni Finance,38144120
2025-12-21,Merchant Moe,60400500
2025-12-22,Agni Finance,38267607
2025-12-22,Merchant Moe,60542496
2025-12-23,Agni Finance,37945269
2025-12-23,Merchant Moe,60028866
2025-12-24,Agni Finance,37683991
2025-12-24,Merchant Moe,59576899
2025-12-25,Agni Finance,37558566
2025-12-25,Merchant Moe,59341427
2025-12-26,Agni Finance,37245613
2025-12-26,Merchant Moe,59033825
2025-12-27,Agni Finance,37422657
2025-12-27,Merchant Moe,59267763
2025-12-28,Agni Finance,37566427
2025-12-28,Merchant Moe,59429424
2025-12-29,Agni Finance,37575839
2025-12-29,Merchant Moe,59437082
2025-12-30,Agni Finance,37328494
2025-12-30,Merchant Moe,59216502
2025-12-31,Agni Finance,36744713
2025-12-31,Merchant Moe,59160416
2026-01-01,Agni Finance,36699123
2026-01-01,Merchant Moe,59181840
2026-01-02,Agni Finance,36815495
2026-01-02,Merchant Moe,59267926
2026-01-03,Agni Finance,37594921
2026-01-03,Merchant Moe,60298020
2026-01-04,Agni Finance,37640678
2026-01-04,Merchant Moe,60411421
2026-01-05,Agni Finance,37904433
2026-01-05,Merchant Moe,60780499
2026-01-06,Agni Finance,38580542
2026-01-06,Merchant Moe,61687910
2026-01-07,Agni Finance,38893859
2026-01-07,Merchant Moe,62223409
2026-01-08,Agni Finance,38223374
2026-01-08,Merchant Moe,61075821
2026-01-09,Agni Finance,37597936
2026-01-09,Merchant Moe,60196030
2026-01-10,Agni Finance,37459687
2026-01-10,Merchant Moe,59908429
2026-01-11,Agni Finance,37450649
2026-01-11,Merchant Moe,59912476
2026-01-12,Agni Finance,37239810
2026-01-12,Merchant Moe,60095022
2026-01-13,Agni Finance,37355172
2026-01-13,Merchant Moe,59755686
2026-01-14,Agni Finance,38753156
2026-01-14,Merchant Moe,61567113
2026-01-15,Agni Finance,39008914
2026-01-15,Merchant Moe,61926147
2026-01-16,Agni Finance,38714560
2026-01-16,Merchant Moe,61343284
2026-01-17,Agni Finance,42118147
2026-01-17,Merchant Moe,64759119
2026-01-18,Agni Finance,42066490
2026-01-18,Merchant Moe,64703333
2026-01-19,Agni Finance,41839952
2026-01-19,Merchant Moe,64453755
2026-01-20,Agni Finance,41332118
2026-01-20,Merchant Moe,63797159
2026-01-21,Agni Finance,39846103
2026-01-21,Merchant Moe,61844548
2026-01-22,Agni Finance,40249261
2026-01-22,Merchant Moe,62249272
2026-01-23,Agni Finance,40140415
2026-01-23,Merchant Moe,62077564
2026-01-24,Agni Finance,40089352
2026-01-24,Merchant Moe,61997136
2026-01-25,Agni Finance,40183395
2026-01-25,Merchant Moe,62143401
2026-01-26,Agni Finance,39199282
2026-01-26,Merchant Moe,60726363
2026-01-27,Agni Finance,39889032
2026-01-27,Merchant Moe,61715274
2026-01-28,Agni Finance,40346482
2026-01-28,Merchant Moe,62403352
2026-01-29,Agni Finance,40482820
2026-01-29,Merchant Moe,62666187
2026-01-30,Agni Finance,38241412
2026-01-30,Merchant Moe,60641869
2026-01-31,Agni Finance,37603360
2026-01-31,Merchant Moe,57366017
2026-02-01,Agni Finance,36004467
2026-02-01,Merchant Moe,55519791
2026-02-02,Agni Finance,34799898
2026-02-02,Merchant Moe,53858797
2026-02-03,Agni Finance,35453627
2026-02-03,Merchant Moe,54814310
2026-02-04,Agni Finance,34577935
2026-02-04,Merchant Moe,53830615
2026-02-05,Agni Finance,35748028
2026-02-05,Merchant Moe,49417784
2026-02-06,Agni Finance,32641821
2026-02-06,Merchant Moe,49800782
2026-02-07,Agni Finance,34593065
2026-02-07,Merchant Moe,52323705
2026-02-08,Agni Finance,34566851
2026-02-08,Merchant Moe,52327922
2026-02-09,Agni Finance,34708564
2026-02-09,Merchant Moe,52502319
2026-02-10,Agni Finance,34735670
2026-02-10,Merchant Moe,57539296
2026-02-11,Agni Finance,34148610
2026-02-11,Merchant Moe,56894481
2026-02-12,Agni Finance,33626115
2026-02-12,Merchant Moe,56252187
2026-02-13,Agni Finance,33491598
2026-02-13,Merchant Moe,56165190
2026-02-14,Agni Finance,34329507
2026-02-14,Merchant Moe,57110045
2026-02-15,Agni Finance,34743905
2026-02-15,Merchant Moe,57562702
2026-02-16,Agni Finance,33928596
2026-02-16,Merchant Moe,56629689
2026-02-17,Agni Finance,34147768
2026-02-17,Merchant Moe,56908329
2026-02-18,Agni Finance,34056058
2026-02-18,Merchant Moe,56805927
2026-02-19,Agni Finance,33616380
2026-02-19,Merchant Moe,56326855
2026-02-20,Agni Finance,33620064
2026-02-20,Merchant Moe,56383492
2026-02-21,Agni Finance,33922321
2026-02-21,Merchant Moe,56618926
2026-02-22,Agni Finance,33954192
2026-02-22,Merchant Moe,56666054
2026-02-23,Agni Finance,33694896
2026-02-23,Merchant Moe,56378536
2026-02-24,Agni Finance,32795808
2026-02-24,Merchant Moe,55352944
2026-02-25,Agni Finance,32844641
2026-02-25,Merchant Moe,55453425
2026-02-26,Agni Finance,34333390
2026-02-26,Merchant Moe,57127044
2026-02-27,Agni Finance,34205825
2026-02-27,Merchant Moe,51996619
2026-02-28,Agni Finance,33564254
2026-02-28,Merchant Moe,51224473
2026-03-01,Agni Finance,33959100
2026-03-01,Merchant Moe,51611608
2026-03-02,Agni Finance,33603724
2026-03-02,Merchant Moe,51280117
2026-03-03,Agni Finance,34426079
2026-03-03,Merchant Moe,52229221
2026-03-04,Agni Finance,34225707
2026-03-04,Merchant Moe,51879702
2026-03-05,Agni Finance,35344427
2026-03-05,Merchant Moe,53187293
2026-03-06,Agni Finance,22458119
2026-03-06,Merchant Moe,41740967
2026-03-07,Agni Finance,22173662
2026-03-07,Merchant Moe,41306328
2026-03-08,Agni Finance,22053237
2026-03-08,Merchant Moe,41132914
2026-03-09,Agni Finance,21913908
2026-03-09,Merchant Moe,40972149
2026-03-10,Agni Finance,22177357
2026-03-10,Merchant Moe,41358868
2026-03-11,Agni Finance,22259400
2026-03-11,Merchant Moe,41550890
2026-03-12,Agni Finance,22316735
2026-03-12,Merchant Moe,41618656
2026-03-13,Agni Finance,22540118
2026-03-13,Merchant Moe,41785313
2026-03-14,Agni Finance,22460507
2026-03-14,Merchant Moe,39074171
2026-03-15,Agni Finance,22643019
2026-03-15,Merchant Moe,41906511
2026-03-16,Agni Finance,22853077
2026-03-16,Merchant Moe,42152091
2026-03-17,Agni Finance,23350236
2026-03-17,Merchant Moe,42818876
2026-03-18,Agni Finance,23195472
2026-03-18,Merchant Moe,42650254
2026-03-19,Agni Finance,22800418
2026-03-19,Merchant Moe,42077495
2026-03-20,Agni Finance,22587268
2026-03-20,Merchant Moe,41754344
2026-03-21,Agni Finance,22635436
2026-03-21,Merchant Moe,41818329
2026-03-22,Agni Finance,22420535
2026-03-22,Merchant Moe,41475515
2026-03-23,Agni Finance,22269694
2026-03-23,Merchant Moe,41266591
2026-03-24,Agni Finance,22519943
2026-03-24,Merchant Moe,41585159
2026-03-25,Agni Finance,22578769
2026-03-25,Merchant Moe,41611734
2026-03-26,Agni Finance,22647107
2026-03-26,Merchant Moe,41703354
2026-03-27,Agni Finance,22282606
2026-03-27,Merchant Moe,43183078
2026-03-28,Agni Finance,22025185
2026-03-28,Merchant Moe,42718311
2026-03-29,Agni Finance,22041850
2026-03-29,Merchant Moe,42847404
2026-03-30,Agni Finance,22000741
2026-03-30,Merchant Moe,42607310
2026-03-31,Agni Finance,22136541
2026-03-31,Merchant Moe,42906377
2026-04-01,Agni Finance,22353671
2026-04-01,Merchant Moe,43296860
2026-04-02,Agni Finance,22422331
2026-04-02,Merchant Moe,43417308
2026-04-03,Agni Finance,22180064
2026-04-03,Merchant Moe,43000818
2026-04-04,Agni Finance,28443193
2026-04-04,Merchant Moe,46775462
2026-04-05,Agni Finance,28515296
2026-04-05,Merchant Moe,46846196
2026-04-06,Agni Finance,28595805
2026-04-06,Merchant Moe,47199851
2026-04-07,Agni Finance,28665877
2026-04-07,Merchant Moe,42803306
2026-04-08,Agni Finance,29258809
2026-04-08,Merchant Moe,43706736
2026-04-09,Agni Finance,29196496
2026-04-09,Merchant Moe,43430189
2026-04-10,Agni Finance,29316814
2026-04-10,Merchant Moe,43524878
2026-04-11,Agni Finance,29601306
2026-04-11,Merchant Moe,43917329
2026-04-12,Agni Finance,29745654
2026-04-12,Merchant Moe,44054890
2026-04-13,Agni Finance,29264279
2026-04-13,Merchant Moe,43421783
2026-04-14,Agni Finance,30172977
2026-04-14,Merchant Moe,44601528
2026-04-15,Agni Finance,29825958
2026-04-15,Merchant Moe,44145762
2026-04-16,Agni Finance,30033568
2026-04-16,Merchant Moe,44390421
2026-04-17,Agni Finance,30052427
2026-04-17,Merchant Moe,42061256
2026-04-18,Agni Finance,30488644
2026-04-18,Merchant Moe,44345798
2026-04-19,Agni Finance,30102320
2026-04-19,Merchant Moe,41980429
2026-04-20,Agni Finance,23101439
2026-04-20,Merchant Moe,37307755
2026-04-21,Agni Finance,23283282
2026-04-21,Merchant Moe,37563375
2026-04-22,Agni Finance,23351280
2026-04-22,Merchant Moe,35313390
2026-04-23,Agni Finance,23516313
2026-04-23,Merchant Moe,37807407
2026-04-24,Agni Finance,23517967
2026-04-24,Merchant Moe,37730983
2026-04-25,Agni Finance,23441501
2026-04-25,Merchant Moe,37643082
2026-04-26,Agni Finance,23462578
2026-04-26,Merchant Moe,37699952
2026-04-27,Agni Finance,23612738
2026-04-27,Merchant Moe,37900780
2026-04-28,Agni Finance,23470108
2026-04-28,Merchant Moe,37565545
2026-04-29,Agni Finance,23298921
2026-04-29,Merchant Moe,37490350
2026-04-30,Agni Finance,23195696
2026-04-30,Merchant Moe,37338931
2026-05-01,Agni Finance,23306991
2026-05-01,Merchant Moe,37368738
2026-05-02,Agni Finance,23360246
2026-05-02,Merchant Moe,37569685
2026-05-03,Agni Finance,23456345
2026-05-03,Merchant Moe,37650441
2026-05-04,Agni Finance,23440144
2026-05-04,Merchant Moe,37614361
2026-05-05,Agni Finance,23581362
2026-05-05,Merchant Moe,37783793
2026-05-06,Agni Finance,23676378
2026-05-06,Merchant Moe,37924291
2026-05-07,Agni Finance,23715819
2026-05-07,Merchant Moe,37857100
2026-05-08,Agni Finance,23569940
2026-05-08,Merchant Moe,37738547
2026-05-09,Agni Finance,23696135
2026-05-09,Merchant Moe,37951568
2026-05-10,Agni Finance,23706086
2026-05-10,Merchant Moe,37955563
2026-05-11,Agni Finance,23938288
2026-05-11,Merchant Moe,38267325
2026-05-12,Agni Finance,23784592
2026-05-12,Merchant Moe,38060734
2026-05-13,Agni Finance,23561114
2026-05-13,Merchant Moe,37746089
2026-05-14,Agni Finance,23533169
2026-05-14,Merchant Moe,37726943
2026-05-15,Agni Finance,23661943
2026-05-15,Merchant Moe,37862977
2026-05-16,Agni Finance,23374873
2026-05-16,Merchant Moe,37489005
2026-05-17,Agni Finance,23261835
2026-05-17,Merchant Moe,32603087
2026-05-18,Agni Finance,23231953
2026-05-18,Merchant Moe,32745648
2026-05-19,Agni Finance,23088170
2026-05-19,Merchant Moe,37002684
2026-05-20,Agni Finance,22986170
2026-05-20,Merchant Moe,36869489
2026-05-21,Agni Finance,23231051
2026-05-21,Merchant Moe,37216517
2026-05-22,Agni Finance,23202152
2026-05-22,Merchant Moe,37165875
2026-05-23,Agni Finance,22894421
2026-05-23,Merchant Moe,36779060
2026-05-24,Agni Finance,23177320
2026-05-24,Merchant Moe,37157904
2026-05-25,Agni Finance,22995820
2026-05-25,Merchant Moe,36986794
2026-05-26,Agni Finance,23113004
2026-05-26,Merchant Moe,33453358
2026-05-27,Agni Finance,22897616
2026-05-27,Agni Finance,22942070
2026-05-27,Merchant Moe,36779916
2026-05-27,Merchant Moe,36831720
