date,blockchain,tvl_usd
2025-06-01,Arbitrum,2406142382
2025-06-02,Arbitrum,2429107166
2025-06-03,Arbitrum,2436791577
2025-06-04,Arbitrum,2432056433
2025-06-05,Arbitrum,2419665372
2025-06-06,Arbitrum,2310761093
2025-06-07,Arbitrum,2367884075
2025-06-08,Arbitrum,2396330840
2025-06-09,Arbitrum,2387791476
2025-06-10,Arbitrum,2497048746
2025-06-11,Arbitrum,2539891718
2025-06-12,Arbitrum,2526173950
2025-06-13,Arbitrum,2393752088
2025-06-14,Arbitrum,2417990871
2025-06-15,Arbitrum,2407604356
2025-06-16,Arbitrum,2387653476
2025-06-17,Arbitrum,2404608850
2025-06-18,Arbitrum,2368551747
2025-06-19,Arbitrum,2391630685
2025-06-20,Arbitrum,2399399396
2025-06-21,Arbitrum,2337554207
2025-06-22,Arbitrum,2273590052
2025-06-23,Arbitrum,2247887427
2025-06-24,Arbitrum,2357871365
2025-06-25,Arbitrum,2393264540
2025-06-26,Arbitrum,2401206702
2025-06-27,Arbitrum,2410128451
2025-06-28,Arbitrum,2420859663
2025-06-29,Arbitrum,2449542770
2025-06-30,Arbitrum,2487911484
2025-07-01,Arbitrum,2473756523
2025-07-02,Arbitrum,2419981374
2025-07-03,Arbitrum,2481758529
2025-07-04,Arbitrum,2545589451
2025-07-05,Arbitrum,2502508814
2025-07-06,Arbitrum,2510663867
2025-07-07,Arbitrum,2525999152
2025-07-08,Arbitrum,2510314322
2025-07-09,Arbitrum,2540858249
2025-07-10,Arbitrum,2522954176
2025-07-11,Arbitrum,2577026271
2025-07-12,Arbitrum,2588960805
2025-07-13,Arbitrum,2564459890
2025-07-14,Arbitrum,2586946308
2025-07-15,Arbitrum,2620515192
2025-07-16,Arbitrum,2659616571
2025-07-17,Arbitrum,2728649060
2025-07-18,Arbitrum,2756522078
2025-07-19,Arbitrum,2791762968
2025-07-20,Arbitrum,2830609138
2025-07-21,Arbitrum,2903885203
2025-07-22,Arbitrum,2906547157
2025-07-23,Arbitrum,2890293616
2025-07-24,Arbitrum,2841268452
2025-07-25,Arbitrum,2885239836
2025-07-26,Arbitrum,2921751885
2025-07-27,Arbitrum,2907969411
2025-07-28,Arbitrum,2972126663
2025-07-29,Arbitrum,2932926749
2025-07-30,Arbitrum,2914538002
2025-07-31,Arbitrum,2914072894
2025-08-01,Arbitrum,2851662178
2025-08-02,Arbitrum,2760610198
2025-08-03,Arbitrum,2733877192
2025-08-04,Arbitrum,2803687320
2025-08-05,Arbitrum,2910424329
2025-08-06,Arbitrum,2868633404
2025-08-07,Arbitrum,2939181146
2025-08-08,Arbitrum,3083171491
2025-08-09,Arbitrum,3060050216
2025-08-10,Arbitrum,3169717545
2025-08-11,Arbitrum,3127237429
2025-08-12,Arbitrum,3139790406
2025-08-13,Arbitrum,3247369756
2025-08-14,Arbitrum,3362478017
2025-08-15,Arbitrum,3234267093
2025-08-16,Arbitrum,3200477975
2025-08-17,Arbitrum,3217762290
2025-08-18,Arbitrum,3206006566
2025-08-19,Arbitrum,3166506685
2025-08-20,Arbitrum,3066649100
2025-08-21,Arbitrum,3167682298
2025-08-22,Arbitrum,3143727769
2025-08-23,Arbitrum,3368724737
2025-08-24,Arbitrum,3373429019
2025-08-25,Arbitrum,3292172920
2025-08-26,Arbitrum,3174045285
2025-08-27,Arbitrum,3213120437
2025-08-28,Arbitrum,3170980560
2025-08-29,Arbitrum,3185899072
2025-08-30,Arbitrum,3108112654
2025-08-31,Arbitrum,3165475157
2025-09-01,Arbitrum,3125023027
2025-09-02,Arbitrum,3072621292
2025-09-03,Arbitrum,3153506813
2025-09-04,Arbitrum,3234789050
2025-09-05,Arbitrum,3212664543
2025-09-06,Arbitrum,3270858521
2025-09-07,Arbitrum,3248612545
2025-09-08,Arbitrum,3270459193
2025-09-09,Arbitrum,3289243662
2025-09-10,Arbitrum,3298275116
2025-09-11,Arbitrum,3346271314
2025-09-12,Arbitrum,3420120828
2025-09-13,Arbitrum,3505410837
2025-09-14,Arbitrum,3512225931
2025-09-15,Arbitrum,3505621196
2025-09-16,Arbitrum,3459709041
2025-09-17,Arbitrum,3508381687
2025-09-18,Arbitrum,3546252064
2025-09-19,Arbitrum,3535103954
2025-09-20,Arbitrum,3482424285
2025-09-21,Arbitrum,3488976987
2025-09-22,Arbitrum,3459856167
2025-09-23,Arbitrum,3343708723
2025-09-24,Arbitrum,3335745126
2025-09-25,Arbitrum,3349773164
2025-09-26,Arbitrum,3173693868
2025-09-27,Arbitrum,3279123868
2025-09-28,Arbitrum,3232197934
2025-09-29,Arbitrum,3354718222
2025-09-30,Arbitrum,3457330647
2025-10-01,Arbitrum,3441343897
2025-10-02,Arbitrum,3633158723
2025-10-03,Arbitrum,3690177893
2025-10-04,Arbitrum,3749275392
2025-10-05,Arbitrum,3739842933
2025-10-06,Arbitrum,4111874375
2025-10-07,Arbitrum,4192982987
2025-10-08,Arbitrum,4074595250
2025-10-09,Arbitrum,4133187754
2025-10-10,Arbitrum,4095478811
2025-10-11,Arbitrum,3720595989
2025-10-12,Arbitrum,3727264712
2025-10-13,Arbitrum,3914898764
2025-10-14,Arbitrum,3977212623
2025-10-15,Arbitrum,3930680056
2025-10-16,Arbitrum,3878787284
2025-10-17,Arbitrum,3829889763
2025-10-18,Arbitrum,3811228220
2025-10-19,Arbitrum,3863064814
2025-10-20,Arbitrum,3925781555
2025-10-21,Arbitrum,3930261978
2025-10-22,Arbitrum,3866104499
2025-10-23,Arbitrum,3841938607
2025-10-24,Arbitrum,3874110649
2025-10-25,Arbitrum,3915178442
2025-10-26,Arbitrum,3559183941
2025-10-27,Arbitrum,3677712677
2025-10-28,Arbitrum,3647529362
2025-10-29,Arbitrum,3574434077
2025-10-30,Arbitrum,3513839380
2025-10-31,Arbitrum,3444490588
2025-11-01,Arbitrum,3427316402
2025-11-02,Arbitrum,3450878695
2025-11-03,Arbitrum,3482030289
2025-11-04,Arbitrum,3274989449
2025-11-05,Arbitrum,2991728227
2025-11-06,Arbitrum,3055753312
2025-11-07,Arbitrum,2949204323
2025-11-08,Arbitrum,2969921539
2025-11-09,Arbitrum,2956996644
2025-11-10,Arbitrum,3052393259
2025-11-11,Arbitrum,3061760203
2025-11-12,Arbitrum,3004152858
2025-11-13,Arbitrum,2990168758
2025-11-14,Arbitrum,2905052815
2025-11-15,Arbitrum,2839881006
2025-11-16,Arbitrum,2861476678
2025-11-17,Arbitrum,2820225804
2025-11-18,Arbitrum,2767884609
2025-11-19,Arbitrum,2822242887
2025-11-20,Arbitrum,2776511849
2025-11-21,Arbitrum,2692567931
2025-11-22,Arbitrum,2661170745
2025-11-23,Arbitrum,2634777587
2025-11-24,Arbitrum,2654571865
2025-11-25,Arbitrum,2725507442
2025-11-26,Arbitrum,2690333224
2025-11-27,Arbitrum,2767316690
2025-11-28,Arbitrum,2805816507
2025-11-29,Arbitrum,2839655959
2025-11-30,Arbitrum,2815178166
2025-12-01,Arbitrum,2797301025
2025-12-02,Arbitrum,2691797248
2025-12-03,Arbitrum,2908920786
2025-12-04,Arbitrum,3024732864
2025-12-05,Arbitrum,2995950897
2025-12-06,Arbitrum,2924212088
2025-12-07,Arbitrum,2940287854
2025-12-08,Arbitrum,2947292095
2025-12-09,Arbitrum,2996040147
2025-12-10,Arbitrum,3046967256
2025-12-11,Arbitrum,3021827322
2025-12-12,Arbitrum,2999963914
2025-12-13,Arbitrum,2932230613
2025-12-14,Arbitrum,2944728494
2025-12-15,Arbitrum,2905873733
2025-12-16,Arbitrum,2843124415
2025-12-17,Arbitrum,2846014517
2025-12-18,Arbitrum,2752052648
2025-12-19,Arbitrum,2750941915
2025-12-20,Arbitrum,2840635637
2025-12-21,Arbitrum,2829110572
2025-12-22,Arbitrum,2844825544
2025-12-23,Arbitrum,2868102184
2025-12-24,Arbitrum,2840794643
2025-12-25,Arbitrum,2837714719
2025-12-26,Arbitrum,2815169606
2025-12-27,Arbitrum,2815725174
2025-12-28,Arbitrum,2828039169
2025-12-29,Arbitrum,2830682612
2025-12-30,Arbitrum,2815118305
2025-12-31,Arbitrum,2884313052
2026-01-01,Arbitrum,2893623349
2026-01-02,Arbitrum,2934984051
2026-01-03,Arbitrum,3017795562
2026-01-04,Arbitrum,3036317085
2026-01-05,Arbitrum,3046347177
2026-01-06,Arbitrum,3098666555
2026-01-07,Arbitrum,3089216845
2026-01-08,Arbitrum,3029771692
2026-01-09,Arbitrum,2998502139
2026-01-10,Arbitrum,3007626181
2026-01-11,Arbitrum,3019586847
2026-01-12,Arbitrum,3028901069
2026-01-13,Arbitrum,3033386162
2026-01-14,Arbitrum,3155254952
2026-01-15,Arbitrum,3174007370
2026-01-16,Arbitrum,3137972334
2026-01-17,Arbitrum,3133564428
2026-01-18,Arbitrum,3154607165
2026-01-19,Arbitrum,3101287235
2026-01-20,Arbitrum,3050355216
2026-01-21,Arbitrum,2889542968
2026-01-22,Arbitrum,2898157473
2026-01-23,Arbitrum,2884553767
2026-01-24,Arbitrum,2842079767
2026-01-25,Arbitrum,2842407278
2026-01-26,Arbitrum,2764967691
2026-01-27,Arbitrum,2836450792
2026-01-28,Arbitrum,2881114306
2026-01-29,Arbitrum,2879421730
2026-01-30,Arbitrum,2774366184
2026-01-31,Arbitrum,2713689072
2026-02-01,Arbitrum,2541656149
2026-02-02,Arbitrum,2440419880
2026-02-03,Arbitrum,2461988116
2026-02-04,Arbitrum,2402811932
2026-02-05,Arbitrum,2337333664
2026-02-06,Arbitrum,2038548815
2026-02-07,Arbitrum,2175036044
2026-02-08,Arbitrum,2169755612
2026-02-09,Arbitrum,2184967357
2026-02-10,Arbitrum,2185602221
2026-02-11,Arbitrum,2155236105
2026-02-12,Arbitrum,2102486787
2026-02-13,Arbitrum,2075684509
2026-02-14,Arbitrum,2112860554
2026-02-15,Arbitrum,2135951078
2026-02-16,Arbitrum,2084094427
2026-02-17,Arbitrum,2095123941
2026-02-18,Arbitrum,2077937331
2026-02-19,Arbitrum,2050290751
2026-02-20,Arbitrum,2025373656
2026-02-21,Arbitrum,2032533508
2026-02-22,Arbitrum,2035485319
2026-02-23,Arbitrum,2024479106
2026-02-24,Arbitrum,1940027533
2026-02-25,Arbitrum,1935704761
2026-02-26,Arbitrum,2042796171
2026-02-27,Arbitrum,2014277693
2026-02-28,Arbitrum,1977965374
2026-03-01,Arbitrum,1987949072
2026-03-02,Arbitrum,1968794943
2026-03-03,Arbitrum,2026503637
2026-03-04,Arbitrum,2001675303
2026-03-05,Arbitrum,2088576148
2026-03-06,Arbitrum,2091548825
2026-03-07,Arbitrum,2030815663
2026-03-08,Arbitrum,1971775020
2026-03-09,Arbitrum,1953140530
2026-03-10,Arbitrum,1981295993
2026-03-11,Arbitrum,2015167557
2026-03-12,Arbitrum,2019976186
2026-03-13,Arbitrum,2033723714
2026-03-14,Arbitrum,2012885996
2026-03-15,Arbitrum,2016848581
2026-03-16,Arbitrum,2059200649
2026-03-17,Arbitrum,2132275973
2026-03-18,Arbitrum,2095974507
2026-03-19,Arbitrum,2054212272
2026-03-20,Arbitrum,2046510434
2026-03-21,Arbitrum,2067012441
2026-03-22,Arbitrum,2043944815
2026-03-23,Arbitrum,1969056501
2026-03-24,Arbitrum,2008429403
2026-03-25,Arbitrum,1995570394
2026-03-26,Arbitrum,2001764388
2026-03-27,Arbitrum,1942129224
2026-03-28,Arbitrum,1900292532
2026-03-29,Arbitrum,1897534546
2026-03-30,Arbitrum,1896481093
2026-03-31,Arbitrum,1906654909
2026-04-01,Arbitrum,1926729141
2026-04-02,Arbitrum,1943619536
2026-04-03,Arbitrum,1900678747
2026-04-04,Arbitrum,1891771133
2026-04-05,Arbitrum,1891845243
2026-04-06,Arbitrum,1918636316
2026-04-07,Arbitrum,1900737928
2026-04-08,Arbitrum,1963223719
2026-04-09,Arbitrum,1913544241
2026-04-10,Arbitrum,1916161533
2026-04-11,Arbitrum,1933070580
2026-04-12,Arbitrum,1941589018
2026-04-13,Arbitrum,1911841837
2026-04-14,Arbitrum,1981034338
2026-04-15,Arbitrum,1960478940
2026-04-16,Arbitrum,1981708374
2026-04-17,Arbitrum,1979059969
2026-04-18,Arbitrum,2011524404
2026-04-19,Arbitrum,1938453642
2026-04-20,Arbitrum,1777091376
2026-04-21,Arbitrum,1707092875
2026-04-22,Arbitrum,1699065755
2026-04-23,Arbitrum,1724786104
2026-04-24,Arbitrum,1696338487
2026-04-25,Arbitrum,1688126700
2026-04-26,Arbitrum,1691195529
2026-04-27,Arbitrum,1721534654
2026-04-28,Arbitrum,1682833587
2026-04-29,Arbitrum,1655606968
2026-04-30,Arbitrum,1646858204
2026-05-01,Arbitrum,1659022481
2026-05-02,Arbitrum,1686786608
2026-05-03,Arbitrum,1686108915
2026-05-04,Arbitrum,1691059111
2026-05-05,Arbitrum,1713883870
2026-05-06,Arbitrum,1711637059
2026-05-07,Arbitrum,1608229770
2026-05-08,Arbitrum,1573300214
2026-05-09,Arbitrum,1566831423
2026-05-10,Arbitrum,1571013005
2026-05-11,Arbitrum,1576532551
2026-05-12,Arbitrum,1565836412
2026-05-13,Arbitrum,1614913329
2026-05-14,Arbitrum,1608374183
2026-05-15,Arbitrum,1621912212
2026-05-16,Arbitrum,1591765720
2026-05-17,Arbitrum,1569926885
2026-05-18,Arbitrum,1550866697
2026-05-19,Arbitrum,1467142698
2026-05-20,Arbitrum,1457042321
2026-05-21,Arbitrum,1515744515
2026-05-22,Arbitrum,1512685322
2026-05-23,Arbitrum,1480704444
2026-05-24,Arbitrum,1501805300
2026-05-25,Arbitrum,1505772427
2026-05-26,Arbitrum,1510764824
2026-05-27,Arbitrum,1512722325
2025-06-01,Base,3121970592
2025-06-02,Base,3166691347
2025-06-03,Base,3202255505
2025-06-04,Base,3219184834
2025-06-05,Base,3194608778
2025-06-06,Base,3093450089
2025-06-07,Base,3208968080
2025-06-08,Base,3243774232
2025-06-09,Base,3247440881
2025-06-10,Base,3400814647
2025-06-11,Base,3459544545
2025-06-12,Base,3406193738
2025-06-13,Base,3288700711
2025-06-14,Base,3303712150
2025-06-15,Base,3270975815
2025-06-16,Base,3277356667
2025-06-17,Base,3344707531
2025-06-18,Base,3282100232
2025-06-19,Base,3319631343
2025-06-20,Base,3339390857
2025-06-21,Base,3207796953
2025-06-22,Base,3168855319
2025-06-23,Base,3115105125
2025-06-24,Base,3309126581
2025-06-25,Base,3361330130
2025-06-26,Base,3323153647
2025-06-27,Base,3342554136
2025-06-28,Base,3291286572
2025-06-29,Base,3314093344
2025-06-30,Base,3373446952
2025-07-01,Base,3358854067
2025-07-02,Base,3283450922
2025-07-03,Base,3424986196
2025-07-04,Base,3471542358
2025-07-05,Base,3404365743
2025-07-06,Base,3420296299
2025-07-07,Base,3457006713
2025-07-08,Base,3417132962
2025-07-09,Base,3468421966
2025-07-10,Base,3597303608
2025-07-11,Base,3735191358
2025-07-12,Base,3774604124
2025-07-13,Base,3798401762
2025-07-14,Base,3847543791
2025-07-15,Base,3849662420
2025-07-16,Base,3876761885
2025-07-17,Base,4010681109
2025-07-18,Base,4048739781
2025-07-19,Base,4078556656
2025-07-20,Base,4110316690
2025-07-21,Base,4191177256
2025-07-22,Base,4273262743
2025-07-23,Base,4296722735
2025-07-24,Base,4151463686
2025-07-25,Base,4124061518
2025-07-26,Base,4240038099
2025-07-27,Base,4229169651
2025-07-28,Base,4314863606
2025-07-29,Base,4190915015
2025-07-30,Base,4219692288
2025-07-31,Base,4190451136
2025-08-01,Base,4104974577
2025-08-02,Base,3986923577
2025-08-03,Base,3918967394
2025-08-04,Base,4019467450
2025-08-05,Base,4132910077
2025-08-06,Base,4078727720
2025-08-07,Base,4161374352
2025-08-08,Base,4351224780
2025-08-09,Base,4451795083
2025-08-10,Base,4580686300
2025-08-11,Base,4630679833
2025-08-12,Base,4564899205
2025-08-13,Base,4741923258
2025-08-14,Base,4855570919
2025-08-15,Base,4811565105
2025-08-16,Base,4727489925
2025-08-17,Base,4767909413
2025-08-18,Base,4800882199
2025-08-19,Base,4723275505
2025-08-20,Base,4606582989
2025-08-21,Base,4682328903
2025-08-22,Base,4607565483
2025-08-23,Base,4991415959
2025-08-24,Base,4953412222
2025-08-25,Base,4900951300
2025-08-26,Base,4655300060
2025-08-27,Base,4768778452
2025-08-28,Base,4701893897
2025-08-29,Base,4780650833
2025-08-30,Base,4671611743
2025-08-31,Base,4720539533
2025-09-01,Base,4710247106
2025-09-02,Base,4672648281
2025-09-03,Base,4744011064
2025-09-04,Base,4808288427
2025-09-05,Base,4735684748
2025-09-06,Base,4756193165
2025-09-07,Base,4783807363
2025-09-08,Base,4750644943
2025-09-09,Base,4801844615
2025-09-10,Base,4788279111
2025-09-11,Base,4872582814
2025-09-12,Base,4982704980
2025-09-13,Base,5084704458
2025-09-14,Base,5054429065
2025-09-15,Base,5044427457
2025-09-16,Base,5009750588
2025-09-17,Base,4997272208
2025-09-18,Base,5088756088
2025-09-19,Base,5103642222
2025-09-20,Base,5033117967
2025-09-21,Base,5062242424
2025-09-22,Base,4961952661
2025-09-23,Base,4871329118
2025-09-24,Base,4841141697
2025-09-25,Base,4862725381
2025-09-26,Base,4667037085
2025-09-27,Base,4783133303
2025-09-28,Base,4790905795
2025-09-29,Base,4895943247
2025-09-30,Base,4950158176
2025-10-01,Base,4944411547
2025-10-02,Base,5133973264
2025-10-03,Base,5278915261
2025-10-04,Base,5345027068
2025-10-05,Base,5341003133
2025-10-06,Base,5387154960
2025-10-07,Base,5580813587
2025-10-08,Base,5399506289
2025-10-09,Base,5436151953
2025-10-10,Base,5325444434
2025-10-11,Base,4748897720
2025-10-12,Base,4686084115
2025-10-13,Base,5004474790
2025-10-14,Base,5111678302
2025-10-15,Base,5006996411
2025-10-16,Base,4923749833
2025-10-17,Base,4876878633
2025-10-18,Base,4826337297
2025-10-19,Base,4886755626
2025-10-20,Base,4964993019
2025-10-21,Base,5009283392
2025-10-22,Base,4901358112
2025-10-23,Base,4896786483
2025-10-24,Base,4961626943
2025-10-25,Base,5059699659
2025-10-26,Base,5158562514
2025-10-27,Base,5315419253
2025-10-28,Base,5299687426
2025-10-29,Base,5222011517
2025-10-30,Base,5148004446
2025-10-31,Base,5082921275
2025-11-01,Base,5177429878
2025-11-02,Base,5220536939
2025-11-03,Base,5218691159
2025-11-04,Base,4971064773
2025-11-05,Base,4573281126
2025-11-06,Base,4733942763
2025-11-07,Base,4600686230
2025-11-08,Base,4747494312
2025-11-09,Base,4705691723
2025-11-10,Base,4901877449
2025-11-11,Base,4913199086
2025-11-12,Base,4779378767
2025-11-13,Base,4737857777
2025-11-14,Base,4571725251
2025-11-15,Base,4402837379
2025-11-16,Base,4481264903
2025-11-17,Base,4377388982
2025-11-18,Base,4278803301
2025-11-19,Base,4342745120
2025-11-20,Base,4306836205
2025-11-21,Base,4132048336
2025-11-22,Base,4025347360
2025-11-23,Base,4047970678
2025-11-24,Base,4123987904
2025-11-25,Base,4217202995
2025-11-26,Base,4177575203
2025-11-27,Base,4283957523
2025-11-28,Base,4315319169
2025-11-29,Base,4297575140
2025-11-30,Base,4398482302
2025-12-01,Base,4360021099
2025-12-02,Base,4168375379
2025-12-03,Base,4410751252
2025-12-04,Base,4558610398
2025-12-05,Base,4529583199
2025-12-06,Base,4409190014
2025-12-07,Base,4404759794
2025-12-08,Base,4461735627
2025-12-09,Base,4478291709
2025-12-10,Base,4589804734
2025-12-11,Base,4569763436
2025-12-12,Base,4572574143
2025-12-13,Base,4495938880
2025-12-14,Base,4481687477
2025-12-15,Base,4405631034
2025-12-16,Base,4299217708
2025-12-17,Base,4328510977
2025-12-18,Base,4248149992
2025-12-19,Base,4228548895
2025-12-20,Base,4395686343
2025-12-21,Base,4398443334
2025-12-22,Base,4431001963
2025-12-23,Base,4418476220
2025-12-24,Base,4370846539
2025-12-25,Base,4376290963
2025-12-26,Base,4417623600
2025-12-27,Base,4375692653
2025-12-28,Base,4423612573
2025-12-29,Base,4439096164
2025-12-30,Base,4457294783
2025-12-31,Base,4500595082
2026-01-01,Base,4445027279
2026-01-02,Base,4489165570
2026-01-03,Base,4640832987
2026-01-04,Base,4688682528
2026-01-05,Base,4735955014
2026-01-06,Base,4855673891
2026-01-07,Base,4843701288
2026-01-08,Base,4752694591
2026-01-09,Base,4716856759
2026-01-10,Base,4721026902
2026-01-11,Base,4718290677
2026-01-12,Base,4735500831
2026-01-13,Base,4775252851
2026-01-14,Base,5195015536
2026-01-15,Base,5171466056
2026-01-16,Base,5151731052
2026-01-17,Base,5169138074
2026-01-18,Base,5278859088
2026-01-19,Base,5117620183
2026-01-20,Base,5114728418
2026-01-21,Base,4845116569
2026-01-22,Base,4940556025
2026-01-23,Base,4916362007
2026-01-24,Base,4899529182
2026-01-25,Base,4836566252
2026-01-26,Base,4680723198
2026-01-27,Base,4791397474
2026-01-28,Base,4843284168
2026-01-29,Base,4809777499
2026-01-30,Base,4631809946
2026-01-31,Base,4563443958
2026-02-01,Base,4279498257
2026-02-02,Base,4181193141
2026-02-03,Base,4272813662
2026-02-04,Base,4200247682
2026-02-05,Base,4083155446
2026-02-06,Base,3633841859
2026-02-07,Base,3993901478
2026-02-08,Base,3988216592
2026-02-09,Base,4022899885
2026-02-10,Base,4060795542
2026-02-11,Base,3986018716
2026-02-12,Base,3914712255
2026-02-13,Base,3912121811
2026-02-14,Base,3898688034
2026-02-15,Base,3949384324
2026-02-16,Base,3879887025
2026-02-17,Base,3914183538
2026-02-18,Base,3855547596
2026-02-19,Base,3794800074
2026-02-20,Base,3835839572
2026-02-21,Base,3869031255
2026-02-22,Base,3895327076
2026-02-23,Base,3842983860
2026-02-24,Base,3744264230
2026-02-25,Base,3725629167
2026-02-26,Base,3929601909
2026-02-27,Base,3888503827
2026-02-28,Base,3823892539
2026-03-01,Base,3871756434
2026-03-02,Base,3825850860
2026-03-03,Base,3962920906
2026-03-04,Base,3918172240
2026-03-05,Base,4190751086
2026-03-06,Base,4120849710
2026-03-07,Base,3988663353
2026-03-08,Base,3974860475
2026-03-09,Base,3929166152
2026-03-10,Base,4005168768
2026-03-11,Base,4081187916
2026-03-12,Base,4089819603
2026-03-13,Base,4161540322
2026-03-14,Base,4143221894
2026-03-15,Base,4163635208
2026-03-16,Base,4235412814
2026-03-17,Base,4350833924
2026-03-18,Base,4321221912
2026-03-19,Base,4216738958
2026-03-20,Base,4128850578
2026-03-21,Base,4150557760
2026-03-22,Base,4089191357
2026-03-23,Base,4014463219
2026-03-24,Base,4153392314
2026-03-25,Base,4151371414
2026-03-26,Base,4180198533
2026-03-27,Base,4037997220
2026-03-28,Base,3958665426
2026-03-29,Base,3955811586
2026-03-30,Base,3931723938
2026-03-31,Base,3971841153
2026-04-01,Base,4050953048
2026-04-02,Base,4082619247
2026-04-03,Base,4024447191
2026-04-04,Base,4050830763
2026-04-05,Base,4063737045
2026-04-06,Base,4134250983
2026-04-07,Base,4115744799
2026-04-08,Base,4268016249
2026-04-09,Base,4226383446
2026-04-10,Base,4272675322
2026-04-11,Base,4343076176
2026-04-12,Base,4367922552
2026-04-13,Base,4266318954
2026-04-14,Base,4456682755
2026-04-15,Base,4478254828
2026-04-16,Base,4531953054
2026-04-17,Base,4549791014
2026-04-18,Base,4646872051
2026-04-19,Base,4479172027
2026-04-20,Base,4220778862
2026-04-21,Base,4241806058
2026-04-22,Base,4290955031
2026-04-23,Base,4363975128
2026-04-24,Base,4359094607
2026-04-25,Base,4360316740
2026-04-26,Base,4376925849
2026-04-27,Base,4429323375
2026-04-28,Base,4381832630
2026-04-29,Base,4347001937
2026-04-30,Base,4344503084
2026-05-01,Base,4387098241
2026-05-02,Base,4473503192
2026-05-03,Base,4525812094
2026-05-04,Base,4532846229
2026-05-05,Base,4586604618
2026-05-06,Base,4638252281
2026-05-07,Base,4631208570
2026-05-08,Base,4567418123
2026-05-09,Base,4530596323
2026-05-10,Base,4577580600
2026-05-11,Base,4641088314
2026-05-12,Base,4624841907
2026-05-13,Base,4957312434
2026-05-14,Base,4904310116
2026-05-15,Base,5011792514
2026-05-16,Base,4895835038
2026-05-17,Base,4832342278
2026-05-18,Base,4775655212
2026-05-19,Base,4462792812
2026-05-20,Base,4446223585
2026-05-21,Base,4498815403
2026-05-22,Base,4521339034
2026-05-23,Base,4421561636
2026-05-24,Base,4481648266
2026-05-25,Base,4503049959
2026-05-26,Base,4517120257
2026-05-27,Base,4467365588
2025-06-01,Mantle,219144155
2025-06-02,Mantle,218874504
2025-06-03,Mantle,221184688
2025-06-04,Mantle,219405410
2025-06-05,Mantle,219457914
2025-06-06,Mantle,212644156
2025-06-07,Mantle,213951021
2025-06-08,Mantle,215591479
2025-06-09,Mantle,215054799
2025-06-10,Mantle,221099855
2025-06-11,Mantle,223608061
2025-06-12,Mantle,221746795
2025-06-13,Mantle,216898777
2025-06-14,Mantle,215282631
2025-06-15,Mantle,214037130
2025-06-16,Mantle,214084078
2025-06-17,Mantle,214502702
2025-06-18,Mantle,212236742
2025-06-19,Mantle,212447759
2025-06-20,Mantle,212464221
2025-06-21,Mantle,208833115
2025-06-22,Mantle,206024577
2025-06-23,Mantle,203796796
2025-06-24,Mantle,209471959
2025-06-25,Mantle,210162522
2025-06-26,Mantle,209853779
2025-06-27,Mantle,210144806
2025-06-28,Mantle,210541716
2025-06-29,Mantle,210536545
2025-06-30,Mantle,212494006
2025-07-01,Mantle,211771693
2025-07-02,Mantle,208615759
2025-07-03,Mantle,215597902
2025-07-04,Mantle,215387611
2025-07-05,Mantle,211895880
2025-07-06,Mantle,211939965
2025-07-07,Mantle,214029888
2025-07-08,Mantle,212214025
2025-07-09,Mantle,213484998
2025-07-10,Mantle,217582921
2025-07-11,Mantle,224386420
2025-07-12,Mantle,223675931
2025-07-13,Mantle,221983326
2025-07-14,Mantle,224447723
2025-07-15,Mantle,224997838
2025-07-16,Mantle,225230301
2025-07-17,Mantle,230626126
2025-07-18,Mantle,233118185
2025-07-19,Mantle,232958480
2025-07-20,Mantle,232983034
2025-07-21,Mantle,236499885
2025-07-22,Mantle,235761793
2025-07-23,Mantle,236171602
2025-07-24,Mantle,232534091
2025-07-25,Mantle,232760462
2025-07-26,Mantle,233922968
2025-07-27,Mantle,234684253
2025-07-28,Mantle,238368295
2025-07-29,Mantle,235732533
2025-07-30,Mantle,235600587
2025-07-31,Mantle,235804019
2025-08-01,Mantle,233042828
2025-08-02,Mantle,227324389
2025-08-03,Mantle,225325074
2025-08-04,Mantle,228809936
2025-08-05,Mantle,234568303
2025-08-06,Mantle,232121174
2025-08-07,Mantle,234224071
2025-08-08,Mantle,240725319
2025-08-09,Mantle,242383811
2025-08-10,Mantle,247948206
2025-08-11,Mantle,246982724
2025-08-12,Mantle,244744790
2025-08-13,Mantle,248531270
2025-08-14,Mantle,253533649
2025-08-15,Mantle,246522661
2025-08-16,Mantle,245212649
2025-08-17,Mantle,244300898
2025-08-18,Mantle,243915809
2025-08-19,Mantle,239965179
2025-08-20,Mantle,236234937
2025-08-21,Mantle,232667826
2025-08-22,Mantle,228886743
2025-08-23,Mantle,238836745
2025-08-24,Mantle,236647182
2025-08-25,Mantle,234744841
2025-08-26,Mantle,226466661
2025-08-27,Mantle,231206779
2025-08-28,Mantle,228414299
2025-08-29,Mantle,230294762
2025-08-30,Mantle,223143760
2025-08-31,Mantle,225536596
2025-09-01,Mantle,225252687
2025-09-02,Mantle,223338915
2025-09-03,Mantle,223335509
2025-09-04,Mantle,224783822
2025-09-05,Mantle,222734837
2025-09-06,Mantle,223441895
2025-09-07,Mantle,166072517
2025-09-08,Mantle,167298926
2025-09-09,Mantle,168048546
2025-09-10,Mantle,213903094
2025-09-11,Mantle,217326758
2025-09-12,Mantle,212501861
2025-09-13,Mantle,229826829
2025-09-14,Mantle,228038528
2025-09-15,Mantle,227672585
2025-09-16,Mantle,215893510
2025-09-17,Mantle,218284998
2025-09-18,Mantle,218362094
2025-09-19,Mantle,264172816
2025-09-20,Mantle,260220492
2025-09-21,Mantle,260522904
2025-09-22,Mantle,250719290
2025-09-23,Mantle,254273560
2025-09-24,Mantle,253657911
2025-09-25,Mantle,253678893
2025-09-26,Mantle,245535005
2025-09-27,Mantle,230274571
2025-09-28,Mantle,234387589
2025-09-29,Mantle,233498661
2025-09-30,Mantle,242296736
2025-10-01,Mantle,239912775
2025-10-02,Mantle,247843317
2025-10-03,Mantle,251576425
2025-10-04,Mantle,253679723
2025-10-05,Mantle,253496538
2025-10-06,Mantle,254688549
2025-10-07,Mantle,263000121
2025-10-08,Mantle,247732359
2025-10-09,Mantle,253746598
2025-10-10,Mantle,251228323
2025-10-11,Mantle,228597530
2025-10-12,Mantle,225647531
2025-10-13,Mantle,246594344
2025-10-14,Mantle,248653290
2025-10-15,Mantle,242777395
2025-10-16,Mantle,237093736
2025-10-17,Mantle,232574630
2025-10-18,Mantle,228701453
2025-10-19,Mantle,231766601
2025-10-20,Mantle,236728853
2025-10-21,Mantle,236140976
2025-10-22,Mantle,231634831
2025-10-23,Mantle,229832233
2025-10-24,Mantle,233388821
2025-10-25,Mantle,236628324
2025-10-26,Mantle,237652965
2025-10-27,Mantle,245078040
2025-10-28,Mantle,243899206
2025-10-29,Mantle,239772263
2025-10-30,Mantle,198584659
2025-10-31,Mantle,195074451
2025-11-01,Mantle,195220027
2025-11-02,Mantle,195291618
2025-11-03,Mantle,195065349
2025-11-04,Mantle,187039396
2025-11-05,Mantle,181748427
2025-11-06,Mantle,184204002
2025-11-07,Mantle,181121626
2025-11-08,Mantle,183506020
2025-11-09,Mantle,180606621
2025-11-10,Mantle,184941785
2025-11-11,Mantle,184568928
2025-11-12,Mantle,181457292
2025-11-13,Mantle,180116322
2025-11-14,Mantle,176324959
2025-11-15,Mantle,172738022
2025-11-16,Mantle,174565685
2025-11-17,Mantle,172469916
2025-11-18,Mantle,169349437
2025-11-19,Mantle,169961538
2025-11-20,Mantle,169573682
2025-11-21,Mantle,164517730
2025-11-22,Mantle,162405208
2025-11-23,Mantle,162738273
2025-11-24,Mantle,164964020
2025-11-25,Mantle,166695369
2025-11-26,Mantle,166822951
2025-11-27,Mantle,168827323
2025-11-28,Mantle,170534905
2025-11-29,Mantle,171512699
2025-11-30,Mantle,172300050
2025-12-01,Mantle,173373868
2025-12-02,Mantle,169375396
2025-12-03,Mantle,174736031
2025-12-04,Mantle,180072594
2025-12-05,Mantle,177922858
2025-12-06,Mantle,175481006
2025-12-07,Mantle,175373478
2025-12-08,Mantle,176554625
2025-12-09,Mantle,177247225
2025-12-10,Mantle,181459771
2025-12-11,Mantle,182529450
2025-12-12,Mantle,181828276
2025-12-13,Mantle,179518372
2025-12-14,Mantle,180853580
2025-12-15,Mantle,178393360
2025-12-16,Mantle,176159031
2025-12-17,Mantle,174859593
2025-12-18,Mantle,171768637
2025-12-19,Mantle,170975040
2025-12-20,Mantle,174244421
2025-12-21,Mantle,174596056
2025-12-22,Mantle,175183163
2025-12-23,Mantle,174166671
2025-12-24,Mantle,172911892
2025-12-25,Mantle,170766894
2025-12-26,Mantle,169506082
2025-12-27,Mantle,170112296
2025-12-28,Mantle,170643971
2025-12-29,Mantle,170325791
2025-12-30,Mantle,169773031
2025-12-31,Mantle,169345356
2026-01-01,Mantle,169224994
2026-01-02,Mantle,166989515
2026-01-03,Mantle,170430537
2026-01-04,Mantle,170753760
2026-01-05,Mantle,171711403
2026-01-06,Mantle,174063232
2026-01-07,Mantle,175577339
2026-01-08,Mantle,165120292
2026-01-09,Mantle,162776234
2026-01-10,Mantle,159253327
2026-01-11,Mantle,159058891
2026-01-12,Mantle,159407814
2026-01-13,Mantle,158833925
2026-01-14,Mantle,163520850
2026-01-15,Mantle,164378292
2026-01-16,Mantle,163032913
2026-01-17,Mantle,169715994
2026-01-18,Mantle,168654863
2026-01-19,Mantle,168114806
2026-01-20,Mantle,166097508
2026-01-21,Mantle,160649165
2026-01-22,Mantle,161951869
2026-01-23,Mantle,161878696
2026-01-24,Mantle,156039347
2026-01-25,Mantle,156426015
2026-01-26,Mantle,152786013
2026-01-27,Mantle,155547073
2026-01-28,Mantle,157607190
2026-01-29,Mantle,157593125
2026-01-30,Mantle,150712454
2026-01-31,Mantle,142712086
2026-02-01,Mantle,137777139
2026-02-02,Mantle,133494378
2026-02-03,Mantle,136001089
2026-02-04,Mantle,133382423
2026-02-05,Mantle,129571658
2026-02-06,Mantle,123734036
2026-02-07,Mantle,129719966
2026-02-08,Mantle,129661532
2026-02-09,Mantle,129683172
2026-02-10,Mantle,134172804
2026-02-11,Mantle,132175398
2026-02-12,Mantle,130567675
2026-02-13,Mantle,131287933
2026-02-14,Mantle,133992730
2026-02-15,Mantle,135326568
2026-02-16,Mantle,132424002
2026-02-17,Mantle,133172156
2026-02-18,Mantle,132821728
2026-02-19,Mantle,287174066
2026-02-20,Mantle,296871637
2026-02-21,Mantle,300128155
2026-02-22,Mantle,301136816
2026-02-23,Mantle,314134602
2026-02-24,Mantle,419966284
2026-02-25,Mantle,402197543
2026-02-26,Mantle,395607792
2026-02-27,Mantle,399725218
2026-02-28,Mantle,516760940
2026-03-01,Mantle,516848641
2026-03-02,Mantle,521430364
2026-03-03,Mantle,538886389
2026-03-04,Mantle,534977731
2026-03-05,Mantle,545762971
2026-03-06,Mantle,522149909
2026-03-07,Mantle,519502182
2026-03-08,Mantle,523555182
2026-03-09,Mantle,524096139
2026-03-10,Mantle,564952943
2026-03-11,Mantle,580931706
2026-03-12,Mantle,549620904
2026-03-13,Mantle,558431843
2026-03-14,Mantle,568032070
2026-03-15,Mantle,573560235
2026-03-16,Mantle,587174459
2026-03-17,Mantle,604119463
2026-03-18,Mantle,627135470
2026-03-19,Mantle,630113358
2026-03-20,Mantle,619724600
2026-03-21,Mantle,632272246
2026-03-22,Mantle,625103552
2026-03-23,Mantle,620159434
2026-03-24,Mantle,631231788
2026-03-25,Mantle,643164501
2026-03-26,Mantle,652310729
2026-03-27,Mantle,650662765
2026-03-28,Mantle,650472934
2026-03-29,Mantle,651392604
2026-03-30,Mantle,640765371
2026-03-31,Mantle,648015213
2026-04-01,Mantle,653480331
2026-04-02,Mantle,661754750
2026-04-03,Mantle,649799620
2026-04-04,Mantle,673057033
2026-04-05,Mantle,675790059
2026-04-06,Mantle,682279512
2026-04-07,Mantle,679354653
2026-04-08,Mantle,684853388
2026-04-09,Mantle,685561208
2026-04-10,Mantle,685413946
2026-04-11,Mantle,691774851
2026-04-12,Mantle,691002263
2026-04-13,Mantle,686440347
2026-04-14,Mantle,702182386
2026-04-15,Mantle,703041014
2026-04-16,Mantle,704585156
2026-04-17,Mantle,689270551
2026-04-18,Mantle,697013125
2026-04-19,Mantle,492560899
2026-04-20,Mantle,332639267
2026-04-21,Mantle,255550516
2026-04-22,Mantle,196288851
2026-04-23,Mantle,222879100
2026-04-24,Mantle,202179962
2026-04-25,Mantle,206485111
2026-04-26,Mantle,196801692
2026-04-27,Mantle,205200724
2026-04-28,Mantle,200329620
2026-04-29,Mantle,200428338
2026-04-30,Mantle,198546343
2026-05-01,Mantle,202958121
2026-05-02,Mantle,211186703
2026-05-03,Mantle,211962738
2026-05-04,Mantle,210898047
2026-05-05,Mantle,211214914
2026-05-06,Mantle,211977814
2026-05-07,Mantle,215268263
2026-05-08,Mantle,215152428
2026-05-09,Mantle,217173957
2026-05-10,Mantle,218725101
2026-05-11,Mantle,222044348
2026-05-12,Mantle,222355293
2026-05-13,Mantle,211874739
2026-05-14,Mantle,221449567
2026-05-15,Mantle,226307573
2026-05-16,Mantle,224745327
2026-05-17,Mantle,221226046
2026-05-18,Mantle,219200501
2026-05-19,Mantle,223853759
2026-05-20,Mantle,222789836
2026-05-21,Mantle,208600029
2026-05-22,Mantle,217689720
2026-05-23,Mantle,211282017
2026-05-24,Mantle,228943226
2026-05-25,Mantle,231148625
2026-05-26,Mantle,231280744
2026-05-27,Mantle,232256866
2025-06-01,OP Mainnet,402322988
2025-06-02,OP Mainnet,400050912
2025-06-03,OP Mainnet,406757585
2025-06-04,OP Mainnet,403145003
2025-06-05,OP Mainnet,393873095
2025-06-06,OP Mainnet,373555872
2025-06-07,OP Mainnet,384341487
2025-06-08,OP Mainnet,388427855
2025-06-09,OP Mainnet,386960236
2025-06-10,OP Mainnet,401959895
2025-06-11,OP Mainnet,420177641
2025-06-12,OP Mainnet,407890624
2025-06-13,OP Mainnet,388068330
2025-06-14,OP Mainnet,382639386
2025-06-15,OP Mainnet,380816138
2025-06-16,OP Mainnet,375479626
2025-06-17,OP Mainnet,380309645
2025-06-18,OP Mainnet,376029560
2025-06-19,OP Mainnet,379692494
2025-06-20,OP Mainnet,378930476
2025-06-21,OP Mainnet,368242840
2025-06-22,OP Mainnet,359233702
2025-06-23,OP Mainnet,347098660
2025-06-24,OP Mainnet,366603126
2025-06-25,OP Mainnet,370666390
2025-06-26,OP Mainnet,367087122
2025-06-27,OP Mainnet,367129430
2025-06-28,OP Mainnet,366824325
2025-06-29,OP Mainnet,369204760
2025-06-30,OP Mainnet,376426365
2025-07-01,OP Mainnet,371331503
2025-07-02,OP Mainnet,355773297
2025-07-03,OP Mainnet,370259074
2025-07-04,OP Mainnet,369795696
2025-07-05,OP Mainnet,360624717
2025-07-06,OP Mainnet,362659627
2025-07-07,OP Mainnet,365266937
2025-07-08,OP Mainnet,366841962
2025-07-09,OP Mainnet,371800738
2025-07-10,OP Mainnet,388970882
2025-07-11,OP Mainnet,415709750
2025-07-12,OP Mainnet,421016628
2025-07-13,OP Mainnet,422282938
2025-07-14,OP Mainnet,428628785
2025-07-15,OP Mainnet,427216467
2025-07-16,OP Mainnet,436369047
2025-07-17,OP Mainnet,449022521
2025-07-18,OP Mainnet,451701356
2025-07-19,OP Mainnet,453899581
2025-07-20,OP Mainnet,451050282
2025-07-21,OP Mainnet,460803843
2025-07-22,OP Mainnet,465662607
2025-07-23,OP Mainnet,464787794
2025-07-24,OP Mainnet,459663934
2025-07-25,OP Mainnet,451424280
2025-07-26,OP Mainnet,448866191
2025-07-27,OP Mainnet,459890491
2025-07-28,OP Mainnet,470404919
2025-07-29,OP Mainnet,465272728
2025-07-30,OP Mainnet,454014647
2025-07-31,OP Mainnet,455079513
2025-08-01,OP Mainnet,449043690
2025-08-02,OP Mainnet,434725203
2025-08-03,OP Mainnet,427818808
2025-08-04,OP Mainnet,430646689
2025-08-05,OP Mainnet,445429892
2025-08-06,OP Mainnet,435413062
2025-08-07,OP Mainnet,440713472
2025-08-08,OP Mainnet,464752127
2025-08-09,OP Mainnet,468357158
2025-08-10,OP Mainnet,480370386
2025-08-11,OP Mainnet,474243421
2025-08-12,OP Mainnet,468178070
2025-08-13,OP Mainnet,495475134
2025-08-14,OP Mainnet,511189985
2025-08-15,OP Mainnet,487658579
2025-08-16,OP Mainnet,474383961
2025-08-17,OP Mainnet,473715585
2025-08-18,OP Mainnet,476307824
2025-08-19,OP Mainnet,464640762
2025-08-20,OP Mainnet,446660629
2025-08-21,OP Mainnet,455466413
2025-08-22,OP Mainnet,445685018
2025-08-23,OP Mainnet,481972041
2025-08-24,OP Mainnet,489861507
2025-08-25,OP Mainnet,478573321
2025-08-26,OP Mainnet,452546952
2025-08-27,OP Mainnet,471664007
2025-08-28,OP Mainnet,471453246
2025-08-29,OP Mainnet,474621298
2025-08-30,OP Mainnet,445900527
2025-08-31,OP Mainnet,449467887
2025-09-01,OP Mainnet,445879810
2025-09-02,OP Mainnet,435577234
2025-09-03,OP Mainnet,440176411
2025-09-04,OP Mainnet,446754183
2025-09-05,OP Mainnet,435658450
2025-09-06,OP Mainnet,434901680
2025-09-07,OP Mainnet,432538854
2025-09-08,OP Mainnet,438487844
2025-09-09,OP Mainnet,436320656
2025-09-10,OP Mainnet,438354676
2025-09-11,OP Mainnet,440828947
2025-09-12,OP Mainnet,448337959
2025-09-13,OP Mainnet,460918943
2025-09-14,OP Mainnet,457871164
2025-09-15,OP Mainnet,452437496
2025-09-16,OP Mainnet,442776320
2025-09-17,OP Mainnet,441944550
2025-09-18,OP Mainnet,447188297
2025-09-19,OP Mainnet,444656007
2025-09-20,OP Mainnet,433985168
2025-09-21,OP Mainnet,423303733
2025-09-22,OP Mainnet,413161160
2025-09-23,OP Mainnet,404738627
2025-09-24,OP Mainnet,392874839
2025-09-25,OP Mainnet,400381530
2025-09-26,OP Mainnet,379810882
2025-09-27,OP Mainnet,390607455
2025-09-28,OP Mainnet,387399770
2025-09-29,OP Mainnet,395862663
2025-09-30,OP Mainnet,399510352
2025-10-01,OP Mainnet,395237001
2025-10-02,OP Mainnet,409871586
2025-10-03,OP Mainnet,422057172
2025-10-04,OP Mainnet,424600367
2025-10-05,OP Mainnet,421553530
2025-10-06,OP Mainnet,411321674
2025-10-07,OP Mainnet,421390661
2025-10-08,OP Mainnet,415319021
2025-10-09,OP Mainnet,421824438
2025-10-10,OP Mainnet,410860296
2025-10-11,OP Mainnet,356793617
2025-10-12,OP Mainnet,345352271
2025-10-13,OP Mainnet,372418241
2025-10-14,OP Mainnet,377334981
2025-10-15,OP Mainnet,370916049
2025-10-16,OP Mainnet,357363210
2025-10-17,OP Mainnet,348423313
2025-10-18,OP Mainnet,342228266
2025-10-19,OP Mainnet,345139315
2025-10-20,OP Mainnet,341948086
2025-10-21,OP Mainnet,343898851
2025-10-22,OP Mainnet,334942981
2025-10-23,OP Mainnet,340133871
2025-10-24,OP Mainnet,340979954
2025-10-25,OP Mainnet,345806840
2025-10-26,OP Mainnet,347124223
2025-10-27,OP Mainnet,359263917
2025-10-28,OP Mainnet,355228555
2025-10-29,OP Mainnet,346092333
2025-10-30,OP Mainnet,343543525
2025-10-31,OP Mainnet,335666226
2025-11-01,OP Mainnet,341597354
2025-11-02,OP Mainnet,349548415
2025-11-03,OP Mainnet,351821800
2025-11-04,OP Mainnet,320000699
2025-11-05,OP Mainnet,307212923
2025-11-06,OP Mainnet,312868448
2025-11-07,OP Mainnet,305699786
2025-11-08,OP Mainnet,318747786
2025-11-09,OP Mainnet,316797464
2025-11-10,OP Mainnet,321526607
2025-11-11,OP Mainnet,319728568
2025-11-12,OP Mainnet,318131566
2025-11-13,OP Mainnet,313556623
2025-11-14,OP Mainnet,303086268
2025-11-15,OP Mainnet,294124367
2025-11-16,OP Mainnet,298336276
2025-11-17,OP Mainnet,293904498
2025-11-18,OP Mainnet,267256592
2025-11-19,OP Mainnet,293481213
2025-11-20,OP Mainnet,287915112
2025-11-21,OP Mainnet,276852369
2025-11-22,OP Mainnet,268856275
2025-11-23,OP Mainnet,271084228
2025-11-24,OP Mainnet,267684704
2025-11-25,OP Mainnet,276140240
2025-11-26,OP Mainnet,273740458
2025-11-27,OP Mainnet,281680247
2025-11-28,OP Mainnet,280437360
2025-11-29,OP Mainnet,280705614
2025-11-30,OP Mainnet,281590093
2025-12-01,OP Mainnet,285619075
2025-12-02,OP Mainnet,266104793
2025-12-03,OP Mainnet,281768844
2025-12-04,OP Mainnet,299999149
2025-12-05,OP Mainnet,295823707
2025-12-06,OP Mainnet,279918274
2025-12-07,OP Mainnet,288685421
2025-12-08,OP Mainnet,290230960
2025-12-09,OP Mainnet,297813508
2025-12-10,OP Mainnet,306552728
2025-12-11,OP Mainnet,308796825
2025-12-12,OP Mainnet,304197444
2025-12-13,OP Mainnet,295632827
2025-12-14,OP Mainnet,297270974
2025-12-15,OP Mainnet,286728442
2025-12-16,OP Mainnet,285237456
2025-12-17,OP Mainnet,286150874
2025-12-18,OP Mainnet,279972157
2025-12-19,OP Mainnet,278117486
2025-12-20,OP Mainnet,289213177
2025-12-21,OP Mainnet,282635976
2025-12-22,OP Mainnet,281593205
2025-12-23,OP Mainnet,289011824
2025-12-24,OP Mainnet,287034739
2025-12-25,OP Mainnet,288437545
2025-12-26,OP Mainnet,286405986
2025-12-27,OP Mainnet,288001245
2025-12-28,OP Mainnet,290617617
2025-12-29,OP Mainnet,291223169
2025-12-30,OP Mainnet,287324207
2025-12-31,OP Mainnet,288722277
2026-01-01,OP Mainnet,286031501
2026-01-02,OP Mainnet,290198209
2026-01-03,OP Mainnet,297524339
2026-01-04,OP Mainnet,301957703
2026-01-05,OP Mainnet,296694803
2026-01-06,OP Mainnet,311287427
2026-01-07,OP Mainnet,306130988
2026-01-08,OP Mainnet,297269462
2026-01-09,OP Mainnet,303276645
2026-01-10,OP Mainnet,293124179
2026-01-11,OP Mainnet,292792585
2026-01-12,OP Mainnet,292112290
2026-01-13,OP Mainnet,299608627
2026-01-14,OP Mainnet,314965121
2026-01-15,OP Mainnet,313223538
2026-01-16,OP Mainnet,300699488
2026-01-17,OP Mainnet,308888972
2026-01-18,OP Mainnet,311446227
2026-01-19,OP Mainnet,300419928
2026-01-20,OP Mainnet,299703726
2026-01-21,OP Mainnet,287421764
2026-01-22,OP Mainnet,287907420
2026-01-23,OP Mainnet,290518153
2026-01-24,OP Mainnet,289485260
2026-01-25,OP Mainnet,288840264
2026-01-26,OP Mainnet,281588327
2026-01-27,OP Mainnet,281879482
2026-01-28,OP Mainnet,287457770
2026-01-29,OP Mainnet,286402628
2026-01-30,OP Mainnet,277297487
2026-01-31,OP Mainnet,264765206
2026-02-01,OP Mainnet,248749157
2026-02-02,OP Mainnet,244468953
2026-02-03,OP Mainnet,249547343
2026-02-04,OP Mainnet,229837710
2026-02-05,OP Mainnet,223889972
2026-02-06,OP Mainnet,203271119
2026-02-07,OP Mainnet,220149228
2026-02-08,OP Mainnet,220227766
2026-02-09,OP Mainnet,215519296
2026-02-10,OP Mainnet,216748976
2026-02-11,OP Mainnet,217107173
2026-02-12,OP Mainnet,210060051
2026-02-13,OP Mainnet,211074983
2026-02-14,OP Mainnet,217325710
2026-02-15,OP Mainnet,220616739
2026-02-16,OP Mainnet,214326621
2026-02-17,OP Mainnet,215328689
2026-02-18,OP Mainnet,213736891
2026-02-19,OP Mainnet,211234365
2026-02-20,OP Mainnet,209444329
2026-02-21,OP Mainnet,209588365
2026-02-22,OP Mainnet,211129527
2026-02-23,OP Mainnet,204881183
2026-02-24,OP Mainnet,196498565
2026-02-25,OP Mainnet,196078045
2026-02-26,OP Mainnet,207248279
2026-02-27,OP Mainnet,206176289
2026-02-28,OP Mainnet,200805332
2026-03-01,OP Mainnet,203575822
2026-03-02,OP Mainnet,201920547
2026-03-03,OP Mainnet,208327899
2026-03-04,OP Mainnet,215643303
2026-03-05,OP Mainnet,213634329
2026-03-06,OP Mainnet,205469868
2026-03-07,OP Mainnet,201684858
2026-03-08,OP Mainnet,191835188
2026-03-09,OP Mainnet,189292177
2026-03-10,OP Mainnet,195034465
2026-03-11,OP Mainnet,196712777
2026-03-12,OP Mainnet,199544582
2026-03-13,OP Mainnet,202124950
2026-03-14,OP Mainnet,201095122
2026-03-15,OP Mainnet,201045754
2026-03-16,OP Mainnet,209754157
2026-03-17,OP Mainnet,213770436
2026-03-18,OP Mainnet,210678032
2026-03-19,OP Mainnet,204845057
2026-03-20,OP Mainnet,199696738
2026-03-21,OP Mainnet,199160030
2026-03-22,OP Mainnet,195988117
2026-03-23,OP Mainnet,191369054
2026-03-24,OP Mainnet,204858429
2026-03-25,OP Mainnet,204819590
2026-03-26,OP Mainnet,200482710
2026-03-27,OP Mainnet,199855823
2026-03-28,OP Mainnet,195043582
2026-03-29,OP Mainnet,196154860
2026-03-30,OP Mainnet,190423329
2026-03-31,OP Mainnet,192047796
2026-04-01,OP Mainnet,195753788
2026-04-02,OP Mainnet,197113316
2026-04-03,OP Mainnet,192218598
2026-04-04,OP Mainnet,192597953
2026-04-05,OP Mainnet,196077715
2026-04-06,OP Mainnet,194019444
2026-04-07,OP Mainnet,192568284
2026-04-08,OP Mainnet,205107657
2026-04-09,OP Mainnet,405121236
2026-04-10,OP Mainnet,369360999
2026-04-11,OP Mainnet,376496924
2026-04-12,OP Mainnet,400329045
2026-04-13,OP Mainnet,392162589
2026-04-14,OP Mainnet,386404125
2026-04-15,OP Mainnet,386544897
2026-04-16,OP Mainnet,384899348
2026-04-17,OP Mainnet,390837576
2026-04-18,OP Mainnet,397507872
2026-04-19,OP Mainnet,383626299
2026-04-20,OP Mainnet,358707743
2026-04-21,OP Mainnet,369073250
2026-04-22,OP Mainnet,364551723
2026-04-23,OP Mainnet,373200652
2026-04-24,OP Mainnet,362698835
2026-04-25,OP Mainnet,371105713
2026-04-26,OP Mainnet,365529440
2026-04-27,OP Mainnet,362580375
2026-04-28,OP Mainnet,366953634
2026-04-29,OP Mainnet,349369967
2026-04-30,OP Mainnet,353381074
2026-05-01,OP Mainnet,357805351
2026-05-02,OP Mainnet,362715484
2026-05-03,OP Mainnet,361769287
2026-05-04,OP Mainnet,367753482
2026-05-05,OP Mainnet,371060888
2026-05-06,OP Mainnet,366274703
2026-05-07,OP Mainnet,365189679
2026-05-08,OP Mainnet,349554704
2026-05-09,OP Mainnet,354026747
2026-05-10,OP Mainnet,360303327
2026-05-11,OP Mainnet,359315466
2026-05-12,OP Mainnet,357025578
2026-05-13,OP Mainnet,347840782
2026-05-14,OP Mainnet,338566023
2026-05-15,OP Mainnet,358294345
2026-05-16,OP Mainnet,348683213
2026-05-17,OP Mainnet,341362167
2026-05-18,OP Mainnet,328664408
2026-05-19,OP Mainnet,341708693
2026-05-20,OP Mainnet,345984497
2026-05-21,OP Mainnet,340337019
2026-05-22,OP Mainnet,343064779
2026-05-23,OP Mainnet,328987382
2026-05-24,OP Mainnet,330999774
2026-05-25,OP Mainnet,334170438
2026-05-26,OP Mainnet,343326018
2026-05-27,OP Mainnet,341976890
2025-06-01,X Layer,5801590
2025-06-02,X Layer,5766602
2025-06-03,X Layer,5770871
2025-06-04,X Layer,5781868
2025-06-05,X Layer,5767296
2025-06-06,X Layer,5765023
2025-06-07,X Layer,5771864
2025-06-08,X Layer,5762463
2025-06-09,X Layer,5803627
2025-06-10,X Layer,5778747
2025-06-11,X Layer,5752011
2025-06-12,X Layer,5766979
2025-06-13,X Layer,5772628
2025-06-14,X Layer,5732331
2025-06-15,X Layer,5721048
2025-06-16,X Layer,5726853
2025-06-17,X Layer,5734220
2025-06-18,X Layer,5707191
2025-06-19,X Layer,5701231
2025-06-20,X Layer,5732280
2025-06-21,X Layer,5734718
2025-06-22,X Layer,5725394
2025-06-23,X Layer,5710049
2025-06-24,X Layer,5734434
2025-06-25,X Layer,5726713
2025-06-26,X Layer,5730539
2025-06-27,X Layer,5747509
2025-06-28,X Layer,5712257
2025-06-29,X Layer,5715055
2025-06-30,X Layer,5720505
2025-07-01,X Layer,5710977
2025-07-02,X Layer,5716353
2025-07-03,X Layer,5704115
2025-07-04,X Layer,5723400
2025-07-05,X Layer,5720039
2025-07-06,X Layer,5709607
2025-07-07,X Layer,5708837
2025-07-08,X Layer,5708100
2025-07-09,X Layer,5711888
2025-07-10,X Layer,5710858
2025-07-11,X Layer,5714432
2025-07-12,X Layer,5716875
2025-07-13,X Layer,5715947
2025-07-14,X Layer,5714069
2025-07-15,X Layer,5707064
2025-07-16,X Layer,5687063
2025-07-17,X Layer,5706246
2025-07-18,X Layer,5708035
2025-07-19,X Layer,5726218
2025-07-20,X Layer,5714775
2025-07-21,X Layer,5721971
2025-07-22,X Layer,5718447
2025-07-23,X Layer,5709837
2025-07-24,X Layer,5710731
2025-07-25,X Layer,5707263
2025-07-26,X Layer,5692990
2025-07-27,X Layer,5700015
2025-07-28,X Layer,5713055
2025-07-29,X Layer,5712578
2025-07-30,X Layer,5712672
2025-07-31,X Layer,5708051
2025-08-01,X Layer,5692979
2025-08-02,X Layer,5679475
2025-08-03,X Layer,5660556
2025-08-04,X Layer,5681960
2025-08-05,X Layer,5677678
2025-08-06,X Layer,5668144
2025-08-07,X Layer,5674879
2025-08-08,X Layer,5692571
2025-08-09,X Layer,5687699
2025-08-10,X Layer,5704763
2025-08-11,X Layer,5696620
2025-08-12,X Layer,5694749
2025-08-13,X Layer,5698357
2025-08-14,X Layer,6520675
2025-08-15,X Layer,6690142
2025-08-16,X Layer,7226258
2025-08-17,X Layer,9058203
2025-08-18,X Layer,9250224
2025-08-19,X Layer,9826197
2025-08-20,X Layer,10186189
2025-08-21,X Layer,12461931
2025-08-22,X Layer,14922052
2025-08-23,X Layer,14373574
2025-08-24,X Layer,14792183
2025-08-25,X Layer,14556753
2025-08-26,X Layer,12500432
2025-08-27,X Layer,13386736
2025-08-28,X Layer,13170027
2025-08-29,X Layer,13184067
2025-08-30,X Layer,13316605
2025-08-31,X Layer,13204706
2025-09-01,X Layer,13012582
2025-09-02,X Layer,12745877
2025-09-03,X Layer,12718179
2025-09-04,X Layer,13326471
2025-09-05,X Layer,14573899
2025-09-06,X Layer,16368629
2025-09-07,X Layer,20429906
2025-09-08,X Layer,19625130
2025-09-09,X Layer,19779090
2025-09-10,X Layer,20608324
2025-09-11,X Layer,21745777
2025-09-12,X Layer,20226961
2025-09-13,X Layer,22577729
2025-09-14,X Layer,25452286
2025-09-15,X Layer,25005920
2025-09-16,X Layer,30021387
2025-09-17,X Layer,29393658
2025-09-18,X Layer,29038498
2025-09-19,X Layer,30775215
2025-09-20,X Layer,30313909
2025-09-21,X Layer,28446065
2025-09-22,X Layer,29169964
2025-09-23,X Layer,27231182
2025-09-24,X Layer,26513659
2025-09-25,X Layer,25955073
2025-09-26,X Layer,24578109
2025-09-27,X Layer,25747146
2025-09-28,X Layer,26493876
2025-09-29,X Layer,26872848
2025-09-30,X Layer,26931941
2025-10-01,X Layer,26100270
2025-10-02,X Layer,25978571
2025-10-03,X Layer,26128399
2025-10-04,X Layer,27654126
2025-10-05,X Layer,30277740
2025-10-06,X Layer,29720475
2025-10-07,X Layer,30343263
2025-10-08,X Layer,29352171
2025-10-09,X Layer,29147595
2025-10-10,X Layer,27577408
2025-10-11,X Layer,24149645
2025-10-12,X Layer,24443077
2025-10-13,X Layer,25818897
2025-10-14,X Layer,26026857
2025-10-15,X Layer,24566779
2025-10-16,X Layer,24746935
2025-10-17,X Layer,24205542
2025-10-18,X Layer,23820594
2025-10-19,X Layer,23963803
2025-10-20,X Layer,24018576
2025-10-21,X Layer,24058206
2025-10-22,X Layer,22906212
2025-10-23,X Layer,22262155
2025-10-24,X Layer,22578355
2025-10-25,X Layer,22738694
2025-10-26,X Layer,23015911
2025-10-27,X Layer,23211252
2025-10-28,X Layer,23072560
2025-10-29,X Layer,22495523
2025-10-30,X Layer,22834919
2025-10-31,X Layer,21574357
2025-11-01,X Layer,20809786
2025-11-02,X Layer,21196955
2025-11-03,X Layer,20927432
2025-11-04,X Layer,20079138
2025-11-05,X Layer,20330694
2025-11-06,X Layer,20858912
2025-11-07,X Layer,20314507
2025-11-08,X Layer,21373216
2025-11-09,X Layer,21216215
2025-11-10,X Layer,22638130
2025-11-11,X Layer,22784136
2025-11-12,X Layer,22354057
2025-11-13,X Layer,23099074
2025-11-14,X Layer,22262861
2025-11-15,X Layer,21772412
2025-11-16,X Layer,22410473
2025-11-17,X Layer,22600876
2025-11-18,X Layer,22283806
2025-11-19,X Layer,22470410
2025-11-20,X Layer,21916128
2025-11-21,X Layer,21579592
2025-11-22,X Layer,20873697
2025-11-23,X Layer,21439184
2025-11-24,X Layer,21658946
2025-11-25,X Layer,21969115
2025-11-26,X Layer,21314594
2025-11-27,X Layer,21751379
2025-11-28,X Layer,22438591
2025-11-29,X Layer,21955333
2025-11-30,X Layer,21466661
2025-12-01,X Layer,21638194
2025-12-02,X Layer,20326396
2025-12-03,X Layer,22174393
2025-12-04,X Layer,22778765
2025-12-05,X Layer,22305450
2025-12-06,X Layer,21393968
2025-12-07,X Layer,21721492
2025-12-08,X Layer,21580035
2025-12-09,X Layer,21973714
2025-12-10,X Layer,22474708
2025-12-11,X Layer,22899589
2025-12-12,X Layer,22605995
2025-12-13,X Layer,21258987
2025-12-14,X Layer,23186028
2025-12-15,X Layer,22746920
2025-12-16,X Layer,22844908
2025-12-17,X Layer,23665082
2025-12-18,X Layer,23299670
2025-12-19,X Layer,22626083
2025-12-20,X Layer,23652216
2025-12-21,X Layer,23399018
2025-12-22,X Layer,23209210
2025-12-23,X Layer,23537641
2025-12-24,X Layer,23249593
2025-12-25,X Layer,22835668
2025-12-26,X Layer,22566652
2025-12-27,X Layer,22215212
2025-12-28,X Layer,22189331
2025-12-29,X Layer,21940618
2025-12-30,X Layer,21951028
2025-12-31,X Layer,21966767
2026-01-01,X Layer,22072177
2026-01-02,X Layer,21992772
2026-01-03,X Layer,21878198
2026-01-04,X Layer,21803204
2026-01-05,X Layer,21596824
2026-01-06,X Layer,21901474
2026-01-07,X Layer,21513848
2026-01-08,X Layer,21064485
2026-01-09,X Layer,20666579
2026-01-10,X Layer,20249090
2026-01-11,X Layer,20030386
2026-01-12,X Layer,20250293
2026-01-13,X Layer,20370943
2026-01-14,X Layer,22283580
2026-01-15,X Layer,21800586
2026-01-16,X Layer,20566072
2026-01-17,X Layer,20065577
2026-01-18,X Layer,20036366
2026-01-19,X Layer,19638493
2026-01-20,X Layer,19145611
2026-01-21,X Layer,18373066
2026-01-22,X Layer,17834008
2026-01-23,X Layer,17267544
2026-01-24,X Layer,16577693
2026-01-25,X Layer,16077394
2026-01-26,X Layer,15889872
2026-01-27,X Layer,16191674
2026-01-28,X Layer,16320582
2026-01-29,X Layer,14582707
2026-01-30,X Layer,13945976
2026-01-31,X Layer,13731859
2026-02-01,X Layer,12703187
2026-02-02,X Layer,12580803
2026-02-03,X Layer,16400878
2026-02-04,X Layer,17174863
2026-02-05,X Layer,16891819
2026-02-06,X Layer,15385983
2026-02-07,X Layer,17006036
2026-02-08,X Layer,16996478
2026-02-09,X Layer,16991139
2026-02-10,X Layer,16916753
2026-02-11,X Layer,16981809
2026-02-12,X Layer,16593295
2026-02-13,X Layer,16730946
2026-02-14,X Layer,17041095
2026-02-15,X Layer,17596663
2026-02-16,X Layer,17806530
2026-02-17,X Layer,17950240
2026-02-18,X Layer,18015004
2026-02-19,X Layer,17634637
2026-02-20,X Layer,17942465
2026-02-21,X Layer,17891222
2026-02-22,X Layer,17748811
2026-02-23,X Layer,17587405
2026-02-24,X Layer,18096192
2026-02-25,X Layer,18509077
2026-02-26,X Layer,22187397
2026-02-27,X Layer,23377338
2026-02-28,X Layer,23018042
2026-03-01,X Layer,23115335
2026-03-02,X Layer,22943512
2026-03-03,X Layer,23351918
2026-03-04,X Layer,23126737
2026-03-05,X Layer,23618831
2026-03-06,X Layer,25431120
2026-03-07,X Layer,25110246
2026-03-08,X Layer,25780379
2026-03-09,X Layer,25178169
2026-03-10,X Layer,25779256
2026-03-11,X Layer,26274531
2026-03-12,X Layer,26151814
2026-03-13,X Layer,26205777
2026-03-14,X Layer,26050325
2026-03-15,X Layer,26344322
2026-03-16,X Layer,26622494
2026-03-17,X Layer,27091537
2026-03-18,X Layer,26569423
2026-03-19,X Layer,26342816
2026-03-20,X Layer,25867694
2026-03-21,X Layer,25907680
2026-03-22,X Layer,25243129
2026-03-23,X Layer,25072188
2026-03-24,X Layer,25477977
2026-03-25,X Layer,25681642
2026-03-26,X Layer,25773096
2026-03-27,X Layer,25326570
2026-03-28,X Layer,24854084
2026-03-29,X Layer,25047465
2026-03-30,X Layer,25021994
2026-03-31,X Layer,25189370
2026-04-01,X Layer,25352264
2026-04-02,X Layer,25353575
2026-04-03,X Layer,25073922
2026-04-04,X Layer,24843322
2026-04-05,X Layer,24861732
2026-04-06,X Layer,24999661
2026-04-07,X Layer,24900073
2026-04-08,X Layer,25432460
2026-04-09,X Layer,25204473
2026-04-10,X Layer,25164650
2026-04-11,X Layer,25394586
2026-04-12,X Layer,25224052
2026-04-13,X Layer,24769003
2026-04-14,X Layer,25275895
2026-04-15,X Layer,25117007
2026-04-16,X Layer,25291222
2026-04-17,X Layer,25149723
2026-04-18,X Layer,25155530
2026-04-19,X Layer,24646790
2026-04-20,X Layer,24049805
2026-04-21,X Layer,24211254
2026-04-22,X Layer,24260389
2026-04-23,X Layer,24258266
2026-04-24,X Layer,24302074
2026-04-25,X Layer,24247821
2026-04-26,X Layer,24246493
2026-04-27,X Layer,24437676
2026-04-28,X Layer,24229008
2026-04-29,X Layer,37602016
2026-04-30,X Layer,48221485
2026-05-01,X Layer,64827070
2026-05-02,X Layer,70159748
2026-05-03,X Layer,76436370
2026-05-04,X Layer,75199385
2026-05-05,X Layer,77770114
2026-05-06,X Layer,78225642
2026-05-07,X Layer,77263281
2026-05-08,X Layer,78583902
2026-05-09,X Layer,80793985
2026-05-10,X Layer,81477716
2026-05-11,X Layer,81061395
2026-05-12,X Layer,81478264
2026-05-13,X Layer,77038628
2026-05-14,X Layer,80508495
2026-05-15,X Layer,74903830
2026-05-16,X Layer,74813502
2026-05-17,X Layer,76611737
2026-05-18,X Layer,78055316
2026-05-19,X Layer,78166742
2026-05-20,X Layer,77979826
2026-05-21,X Layer,80420081
2026-05-22,X Layer,84512348
2026-05-23,X Layer,87448372
2026-05-24,X Layer,90080007
2026-05-25,X Layer,90686059
2026-05-26,X Layer,91780548
2026-05-27,X Layer,92481845
2025-06-01,zkSync Era,55091786
2025-06-02,zkSync Era,55436378
2025-06-03,zkSync Era,56759423
2025-06-04,zkSync Era,57135118
2025-06-05,zkSync Era,56526276
2025-06-06,zkSync Era,53464643
2025-06-07,zkSync Era,54216272
2025-06-08,zkSync Era,54729930
2025-06-09,zkSync Era,54033083
2025-06-10,zkSync Era,56716705
2025-06-11,zkSync Era,58133812
2025-06-12,zkSync Era,56263728
2025-06-13,zkSync Era,53410090
2025-06-14,zkSync Era,53077958
2025-06-15,zkSync Era,52471465
2025-06-16,zkSync Era,52132138
2025-06-17,zkSync Era,52227242
2025-06-18,zkSync Era,51182095
2025-06-19,zkSync Era,50883289
2025-06-20,zkSync Era,50382646
2025-06-21,zkSync Era,48965279
2025-06-22,zkSync Era,46758169
2025-06-23,zkSync Era,45602247
2025-06-24,zkSync Era,48613204
2025-06-25,zkSync Era,49261177
2025-06-26,zkSync Era,48587442
2025-06-27,zkSync Era,48911439
2025-06-28,zkSync Era,47256517
2025-06-29,zkSync Era,47797002
2025-06-30,zkSync Era,49125934
2025-07-01,zkSync Era,48111052
2025-07-02,zkSync Era,46651316
2025-07-03,zkSync Era,49054040
2025-07-04,zkSync Era,49412375
2025-07-05,zkSync Era,47729802
2025-07-06,zkSync Era,47552586
2025-07-07,zkSync Era,47982192
2025-07-08,zkSync Era,47559148
2025-07-09,zkSync Era,48180587
2025-07-10,zkSync Era,49837976
2025-07-11,zkSync Era,52573365
2025-07-12,zkSync Era,52578678
2025-07-13,zkSync Era,51994489
2025-07-14,zkSync Era,52307792
2025-07-15,zkSync Era,52562717
2025-07-16,zkSync Era,54247896
2025-07-17,zkSync Era,56338596
2025-07-18,zkSync Era,54245414
2025-07-19,zkSync Era,53657610
2025-07-20,zkSync Era,54122825
2025-07-21,zkSync Era,55190525
2025-07-22,zkSync Era,55454588
2025-07-23,zkSync Era,55210513
2025-07-24,zkSync Era,52754353
2025-07-25,zkSync Era,52353155
2025-07-26,zkSync Era,53396751
2025-07-27,zkSync Era,53617324
2025-07-28,zkSync Era,55425118
2025-07-29,zkSync Era,53650192
2025-07-30,zkSync Era,53469849
2025-07-31,zkSync Era,53032373
2025-08-01,zkSync Era,51527208
2025-08-02,zkSync Era,49728241
2025-08-03,zkSync Era,48392100
2025-08-04,zkSync Era,49883289
2025-08-05,zkSync Era,51657525
2025-08-06,zkSync Era,50191229
2025-08-07,zkSync Era,51216336
2025-08-08,zkSync Era,53334617
2025-08-09,zkSync Era,53798811
2025-08-10,zkSync Era,55785988
2025-08-11,zkSync Era,55542334
2025-08-12,zkSync Era,54416152
2025-08-13,zkSync Era,57072305
2025-08-14,zkSync Era,59456298
2025-08-15,zkSync Era,56629885
2025-08-16,zkSync Era,55168398
2025-08-17,zkSync Era,55374336
2025-08-18,zkSync Era,56259251
2025-08-19,zkSync Era,54580464
2025-08-20,zkSync Era,52663310
2025-08-21,zkSync Era,54205737
2025-08-22,zkSync Era,53057914
2025-08-23,zkSync Era,57741406
2025-08-24,zkSync Era,57431718
2025-08-25,zkSync Era,56351496
2025-08-26,zkSync Era,53144998
2025-08-27,zkSync Era,54408835
2025-08-28,zkSync Era,53641536
2025-08-29,zkSync Era,54181055
2025-08-30,zkSync Era,51570801
2025-08-31,zkSync Era,51595273
2025-09-01,zkSync Era,51306586
2025-09-02,zkSync Era,49960409
2025-09-03,zkSync Era,50170691
2025-09-04,zkSync Era,51439941
2025-09-05,zkSync Era,49858895
2025-09-06,zkSync Era,50068918
2025-09-07,zkSync Era,50036552
2025-09-08,zkSync Era,50234228
2025-09-09,zkSync Era,50624230
2025-09-10,zkSync Era,50691573
2025-09-11,zkSync Era,52069382
2025-09-12,zkSync Era,52705505
2025-09-13,zkSync Era,54190615
2025-09-14,zkSync Era,54167511
2025-09-15,zkSync Era,53192318
2025-09-16,zkSync Era,52087106
2025-09-17,zkSync Era,52231377
2025-09-18,zkSync Era,52679267
2025-09-19,zkSync Era,52727095
2025-09-20,zkSync Era,51194770
2025-09-21,zkSync Era,51614575
2025-09-22,zkSync Era,50641687
2025-09-23,zkSync Era,48476927
2025-09-24,zkSync Era,48231790
2025-09-25,zkSync Era,48227917
2025-09-26,zkSync Era,45819399
2025-09-27,zkSync Era,47132147
2025-09-28,zkSync Era,47112423
2025-09-29,zkSync Era,47931664
2025-09-30,zkSync Era,48271063
2025-10-01,zkSync Era,48197877
2025-10-02,zkSync Era,50240546
2025-10-03,zkSync Era,51292072
2025-10-04,zkSync Era,51439397
2025-10-05,zkSync Era,50997705
2025-10-06,zkSync Era,50696974
2025-10-07,zkSync Era,52433870
2025-10-08,zkSync Era,50524915
2025-10-09,zkSync Era,51539531
2025-10-10,zkSync Era,50342770
2025-10-11,zkSync Era,43394196
2025-10-12,zkSync Era,42623056
2025-10-13,zkSync Era,45066774
2025-10-14,zkSync Era,45916273
2025-10-15,zkSync Era,44404816
2025-10-16,zkSync Era,43233997
2025-10-17,zkSync Era,42460854
2025-10-18,zkSync Era,42121767
2025-10-19,zkSync Era,42417751
2025-10-20,zkSync Era,43213392
2025-10-21,zkSync Era,43239717
2025-10-22,zkSync Era,42093991
2025-10-23,zkSync Era,41137646
2025-10-24,zkSync Era,41361129
2025-10-25,zkSync Era,41841389
2025-10-26,zkSync Era,41674730
2025-10-27,zkSync Era,43131927
2025-10-28,zkSync Era,42673166
2025-10-29,zkSync Era,41629712
2025-10-30,zkSync Era,41394093
2025-10-31,zkSync Era,40178138
2025-11-01,zkSync Era,40280550
2025-11-02,zkSync Era,45201535
2025-11-03,zkSync Era,47212957
2025-11-04,zkSync Era,44077662
2025-11-05,zkSync Era,44982772
2025-11-06,zkSync Era,47839703
2025-11-07,zkSync Era,46032650
2025-11-08,zkSync Era,45033272
2025-11-09,zkSync Era,43671781
2025-11-10,zkSync Era,44821419
2025-11-11,zkSync Era,44568852
2025-11-12,zkSync Era,42978070
2025-11-13,zkSync Era,42690745
2025-11-14,zkSync Era,41017008
2025-11-15,zkSync Era,41090824
2025-11-16,zkSync Era,41032154
2025-11-17,zkSync Era,41043668
2025-11-18,zkSync Era,39214165
2025-11-19,zkSync Era,39855883
2025-11-20,zkSync Era,40367581
2025-11-21,zkSync Era,38069297
2025-11-22,zkSync Era,36894955
2025-11-23,zkSync Era,36564996
2025-11-24,zkSync Era,36635133
2025-11-25,zkSync Era,37897069
2025-11-26,zkSync Era,38392192
2025-11-27,zkSync Era,38315070
2025-11-28,zkSync Era,37986321
2025-11-29,zkSync Era,38120758
2025-11-30,zkSync Era,37559242
2025-12-01,zkSync Era,36818809
2025-12-02,zkSync Era,35612586
2025-12-03,zkSync Era,37017511
2025-12-04,zkSync Era,38744781
2025-12-05,zkSync Era,38250831
2025-12-06,zkSync Era,36555660
2025-12-07,zkSync Era,36592629
2025-12-08,zkSync Era,36349993
2025-12-09,zkSync Era,36783673
2025-12-10,zkSync Era,38376626
2025-12-11,zkSync Era,38162552
2025-12-12,zkSync Era,37403222
2025-12-13,zkSync Era,35961391
2025-12-14,zkSync Era,35973606
2025-12-15,zkSync Era,35476441
2025-12-16,zkSync Era,34597027
2025-12-17,zkSync Era,34521902
2025-12-18,zkSync Era,33223111
2025-12-19,zkSync Era,32761105
2025-12-20,zkSync Era,33784010
2025-12-21,zkSync Era,33911894
2025-12-22,zkSync Era,33681667
2025-12-23,zkSync Era,33804902
2025-12-24,zkSync Era,33448021
2025-12-25,zkSync Era,33272015
2025-12-26,zkSync Era,32984476
2025-12-27,zkSync Era,33305180
2025-12-28,zkSync Era,33972136
2025-12-29,zkSync Era,33457537
2025-12-30,zkSync Era,32741183
2025-12-31,zkSync Era,33086158
2026-01-01,zkSync Era,32947900
2026-01-02,zkSync Era,33476333
2026-01-03,zkSync Era,34611233
2026-01-04,zkSync Era,34570671
2026-01-05,zkSync Era,34765978
2026-01-06,zkSync Era,35400897
2026-01-07,zkSync Era,38249012
2026-01-08,zkSync Era,35803180
2026-01-09,zkSync Era,35187740
2026-01-10,zkSync Era,34910851
2026-01-11,zkSync Era,34813261
2026-01-12,zkSync Era,34778855
2026-01-13,zkSync Era,34482436
2026-01-14,zkSync Era,36328245
2026-01-15,zkSync Era,36148893
2026-01-16,zkSync Era,35613731
2026-01-17,zkSync Era,35755122
2026-01-18,zkSync Era,35627459
2026-01-19,zkSync Era,34716258
2026-01-20,zkSync Era,34400386
2026-01-21,zkSync Era,32655153
2026-01-22,zkSync Era,32826075
2026-01-23,zkSync Era,32284933
2026-01-24,zkSync Era,32163662
2026-01-25,zkSync Era,32115368
2026-01-26,zkSync Era,30964770
2026-01-27,zkSync Era,31842691
2026-01-28,zkSync Era,32216365
2026-01-29,zkSync Era,31981383
2026-01-30,zkSync Era,30311135
2026-01-31,zkSync Era,29531006
2026-02-01,zkSync Era,27826443
2026-02-02,zkSync Era,31804201
2026-02-03,zkSync Era,30968295
2026-02-04,zkSync Era,27842192
2026-02-05,zkSync Era,27208735
2026-02-06,zkSync Era,24196765
2026-02-07,zkSync Era,25964517
2026-02-08,zkSync Era,25822694
2026-02-09,zkSync Era,25888601
2026-02-10,zkSync Era,26040855
2026-02-11,zkSync Era,25168068
2026-02-12,zkSync Era,24835289
2026-02-13,zkSync Era,24357016
2026-02-14,zkSync Era,24711558
2026-02-15,zkSync Era,24851733
2026-02-16,zkSync Era,24016121
2026-02-17,zkSync Era,24149350
2026-02-18,zkSync Era,24004266
2026-02-19,zkSync Era,23479107
2026-02-20,zkSync Era,23286221
2026-02-21,zkSync Era,23454564
2026-02-22,zkSync Era,23339977
2026-02-23,zkSync Era,23052335
2026-02-24,zkSync Era,22652088
2026-02-25,zkSync Era,22509954
2026-02-26,zkSync Era,23611286
2026-02-27,zkSync Era,23431360
2026-02-28,zkSync Era,22680450
2026-03-01,zkSync Era,22801377
2026-03-02,zkSync Era,22539077
2026-03-03,zkSync Era,22960378
2026-03-04,zkSync Era,22715062
2026-03-05,zkSync Era,23593446
2026-03-06,zkSync Era,23339669
2026-03-07,zkSync Era,22769591
2026-03-08,zkSync Era,22591460
2026-03-09,zkSync Era,22211825
2026-03-10,zkSync Era,22834314
2026-03-11,zkSync Era,23048439
2026-03-12,zkSync Era,23039405
2026-03-13,zkSync Era,23203316
2026-03-14,zkSync Era,23201094
2026-03-15,zkSync Era,23149567
2026-03-16,zkSync Era,23578054
2026-03-17,zkSync Era,24669714
2026-03-18,zkSync Era,24438304
2026-03-19,zkSync Era,23648107
2026-03-20,zkSync Era,23126371
2026-03-21,zkSync Era,23141362
2026-03-22,zkSync Era,22764602
2026-03-23,zkSync Era,22386474
2026-03-24,zkSync Era,22893426
2026-03-25,zkSync Era,22916221
2026-03-26,zkSync Era,23095950
2026-03-27,zkSync Era,22373059
2026-03-28,zkSync Era,21844316
2026-03-29,zkSync Era,21934864
2026-03-30,zkSync Era,21749880
2026-03-31,zkSync Era,22016931
2026-04-01,zkSync Era,22443171
2026-04-02,zkSync Era,22576645
2026-04-03,zkSync Era,22166334
2026-04-04,zkSync Era,21791285
2026-04-05,zkSync Era,21931268
2026-04-06,zkSync Era,22046575
2026-04-07,zkSync Era,21857220
2026-04-08,zkSync Era,22367111
2026-04-09,zkSync Era,22028825
2026-04-10,zkSync Era,22038069
2026-04-11,zkSync Era,22319640
2026-04-12,zkSync Era,22576904
2026-04-13,zkSync Era,22017605
2026-04-14,zkSync Era,22734088
2026-04-15,zkSync Era,22511430
2026-04-16,zkSync Era,22840468
2026-04-17,zkSync Era,22779193
2026-04-18,zkSync Era,23064581
2026-04-19,zkSync Era,22545711
2026-04-20,zkSync Era,21821717
2026-04-21,zkSync Era,21769192
2026-04-22,zkSync Era,21729000
2026-04-23,zkSync Era,21865443
2026-04-24,zkSync Era,21758936
2026-04-25,zkSync Era,21791626
2026-04-26,zkSync Era,21447397
2026-04-27,zkSync Era,21723240
2026-04-28,zkSync Era,21378175
2026-04-29,zkSync Era,21369136
2026-04-30,zkSync Era,20930270
2026-05-01,zkSync Era,20855268
2026-05-02,zkSync Era,21041578
2026-05-03,zkSync Era,21326172
2026-05-04,zkSync Era,21451720
2026-05-05,zkSync Era,21423056
2026-05-06,zkSync Era,21533247
2026-05-07,zkSync Era,21702481
2026-05-08,zkSync Era,21478938
2026-05-09,zkSync Era,21001170
2026-05-10,zkSync Era,20942189
2026-05-11,zkSync Era,21135729
2026-05-12,zkSync Era,20819328
2026-05-13,zkSync Era,20538486
2026-05-14,zkSync Era,20344649
2026-05-15,zkSync Era,20466796
2026-05-16,zkSync Era,19948375
2026-05-17,zkSync Era,19496782
2026-05-18,zkSync Era,19079837
2026-05-19,zkSync Era,19113294
2026-05-20,zkSync Era,19014298
2026-05-21,zkSync Era,19070151
2026-05-22,zkSync Era,18925725
2026-05-23,zkSync Era,18494009
2026-05-24,zkSync Era,18816727
2026-05-25,zkSync Era,18602346
2026-05-26,zkSync Era,18530948
2026-05-27,zkSync Era,18360323
